Projects,Priority,Type,Status,Sprint,Started,Finished,Inactivity (h),Notes,Duration,Inactivity time,Active time,Created,Start date,End date,Epic,Engineers,Product Manager,Timeline,Tasks,URL
Add Report page for admins and display all the report notifications,Low,Improvement ğŸš€,Not Started,,,,,,,0,0,"May 8, 2023 12:42 PM",,,,,,,,
Remove the /invite command,Medium,Refactor ğŸ› ï¸,Complete,Sprint 11,"May 1, 2023 13:20","May 2, 2023 13:40",0,Added the invite button in chat view,87600,0,87600,"May 1, 2023 1:22 PM",01/05/2023,02/05/2023,,,,,,
Fix bug not sending email on invitation,High,Bug ğŸ,Complete,Sprint 11,"May 1, 2023 1:40","May 1, 2023 1:57",0,"Instead of using the email, it was used the username of the invetee. Used Tuple to return the chat and the user from the lambda.",1020,0,1020,"May 1, 2023 1:56 AM",01/05/2023,01/05/2023,,,,,,
Refactor Utils class to not be named like that,Low,"Documentation ğŸ“˜, Refactor ğŸ› ï¸",Complete,Sprint 11,"April 30, 2023 3:25","April 30, 2023 3:58",0,,1980,0,1980,"April 30, 2023 3:18 AM",30/04/2023,30/04/2023,,,,,,
Video handling with lib,UNSET,Idea ğŸ§ ,Not Started,,,,,"https://github.com/kokorin/Jaffree
https://github.com/Manevolent/ffmpeg4j",,0,0,"April 23, 2023 5:11 PM",,,,,,,,
Fix Redux localstorage modification by checking the username of the token in the backend.,Very high,Bug ğŸ,Not Started,,,,,Also the storage should be changed to other with more security,,0,0,"April 19, 2023 11:56 PM",,,,,,,,
Fix error in profile view,Medium,Bug ğŸ,Revision,Sprint 11,,,,,,0,0,"April 17, 2023 2:47 AM",,,,,,,,
"When inviting someone to a chat, send an email to the user to notify the invitation. The user is added to the chat immediately",Medium,Improvement ğŸš€,Complete,Sprint 11,"April 11, 2023 2:05","April 12, 2023 3:30",12,"Instead of a command, do a button near chat name and send a POST request. This allows to ease the process of DI and send the email to the user.",91500,43200,48300,"April 11, 2023 2:08 AM",11/04/2023,12/04/2023,,,,,,
New design when sending nsfw media,Medium,Improvement ğŸš€,Not Started,,,,,"The user can see the image, but other users cannot",,0,0,"April 10, 2023 6:37 PM",,,,,,,,
Send the session ip in the login and register response to identify the session in the profile view,Low,Improvement ğŸš€,Not Started,,,,,,,0,0,"April 10, 2023 4:23 PM",,,,,,,,
"Improve session display in frontend (show dates, and the index is the id of the session)",Medium,Improvement ğŸš€,Complete,Sprint 10,"April 10, 2023 14:52","April 10, 2023 17:03",0,,7860,0,7860,"April 10, 2023 2:51 PM",10/04/2023,10/04/2023,,,,,,
Do not store empty commands,Medium,Bug ğŸ,Not Started,,,,,,,0,0,"April 10, 2023 12:42 PM",,,,,,,,
"When showing command stats in profile, the app crashes (see image)",Critical ğŸ”¥,Bug ğŸ,Complete,Sprint 10,"April 10, 2023 12:35","April 10, 2023 14:52",0.7,"An object (command stats) is stored inside, and the app does not support that.",8220,2520,5700,"April 10, 2023 4:22 AM",10/04/2023,10/04/2023,,,,,,
Fix app crash when sending a command that is unavailable,Critical ğŸ”¥,Bug ğŸ,Complete,Sprint 10,"April 10, 2023 3:08","April 10, 2023 4:34",0,Added NoOp command,5160,0,5160,"April 10, 2023 3:07 AM",10/04/2023,10/04/2023,,,,,,
Improve command parsing,Medium,"Improvement ğŸš€, Refactor ğŸ› ï¸",Not Started,,,,,,,0,0,"April 10, 2023 2:50 AM",,,,,,,,
Improve blocked users and friends functionality and relationships in db,Low,Refactor ğŸ› ï¸,Not Started,,,,,,,0,0,"April 10, 2023 2:40 AM",,,,,,,,
Chats with limited number of members,To define,"Idea ğŸ§ , Improvement ğŸš€",Not Started,,,,,,,0,0,"April 9, 2023 7:06 PM",,,,,,,,
Use Optional<T> in all return types from the repository,High,Refactor ğŸ› ï¸,Complete,Sprint 11,"May 3, 2023 12:39","May 3, 2023 12:44",0,,300,0,300,"April 9, 2023 6:41 PM",03/05/2023,03/05/2023,,,,,,
Refactor exception handling in controllers with @ControllerAdvice,Medium,Refactor ğŸ› ï¸,In Progress,Sprint 11,"May 7, 2023 2:31",,,https://reflectoring.io/spring-boot-exception-handling/,,0,0,"April 9, 2023 4:12 PM",07/05/2023,,,,,,,
Create group by every user (private or public),Low,Improvement ğŸš€,Not Started,,,,,,,0,0,"April 9, 2023 2:40 PM",,,,,,,,
Unread messages balloon notification,Medium,Improvement ğŸš€,Not Started,,,,,,,0,0,"April 9, 2023 2:31 PM",,,,,,,,
Multiple chat tabs,Medium,Improvement ğŸš€,Not Started,,,,,,,0,0,"April 9, 2023 2:30 PM",,,,,,,,
Webcam integration,To define,"Idea ğŸ§ , Improvement ğŸš€",Not Started,,,,,https://primefaces.github.io/primefaces/jsdocs/modules/src_PrimeFaces.Webcam.html,,0,0,"April 8, 2023 2:05 AM",,,,,,,,
Configure the CORS policy when checking connectivity to the bucket,High,Improvement ğŸš€,Complete,Sprint 10,"April 7, 2023 16:42","April 7, 2023 22:03",1.5,,19260,5400,13860,"April 7, 2023 4:54 PM",07/04/2023,07/04/2023,,,,,,
Fix pdf not showing,Very high,Bug ğŸ,Complete,Sprint 10,"April 7, 2023 15:25","April 7, 2023 16:42",0,CORS policy has incorrect AllowedOrigins prop,4620,0,4620,"April 7, 2023 1:54 PM",07/04/2023,07/04/2023,,,,,,
Make a form to get feedback from users,Very high,Research â›°ï¸,Complete,Sprint 10,"April 6, 2023 16:00","April 8, 2023 16:00",18,,172800,64800,108000,"April 6, 2023 6:57 PM",06/04/2023,08/04/2023,,,,,,
Check run conditions when uploading several images at once when performing the request to the Python API,Very high,Bug ğŸ,Complete,Sprint 10,"April 5, 2023 3:43","April 5, 2023 4:06",0,"When uploading 5 nsfw images, in the DB is stored only 4 (in the user nsfw_count column).
https://stackoverflow.com/questions/30346882/do-synchronized-java-methods-queue-calls",1380,0,1380,"April 5, 2023 3:08 AM",05/04/2023,05/04/2023,,,,,,
"If user is blocked, do not allow to enter the app",High,Improvement ğŸš€,Complete,Sprint 10,"April 5, 2023 4:10","April 5, 2023 4:20",0,Very easy. Added a single check in the login endpoint and a pretty format,600,0,600,"April 5, 2023 3:05 AM",05/04/2023,05/04/2023,,,,,,
"When sending a server message, the type must be a generic one.",High,Refactor ğŸ› ï¸,Complete,Sprint 10,"April 5, 2023 13:00","April 5, 2023 13:12",,Create a constant and update all usages of the createMessage function,720,0,720,"April 5, 2023 2:33 AM",05/04/2023,05/04/2023,,,,,,
Add more CI steps for testing,Medium,"CI/CD ğŸ›ï¸, Improvement ğŸš€, Test ğŸ§ª",Complete,Sprint 10,"March 30, 2023 13:56","March 30, 2023 15:15",0.5,,4740,1800,2940,"March 30, 2023 1:54 PM",30/03/2023,30/03/2023,,,,,,
Prepare environment to perform frontend tests,High,"Configuration âš™ï¸, Test ğŸ§ª",Complete,Sprint 10,"March 30, 2023 1:00","March 30, 2023 1:10",0,Simple jest execution,600,0,600,"March 29, 2023 8:45 PM",30/03/2023,30/03/2023,,,,,,
Age verification,Low,Improvement ğŸš€,Not Started,,,,,,,0,0,"March 23, 2023 5:36 PM",,,,,,,,
Kick the users out of the session when they upload the last NSFW content,High,Improvement ğŸš€,Complete,Sprint 10,"April 5, 2023 2:03","April 5, 2023 3:29",0,,5160,0,5160,"March 21, 2023 11:56 PM",05/04/2023,05/04/2023,,,,,,
Set to users the block date when several NSFW content is uploaded to chats,High,Improvement ğŸš€,Complete,Sprint 10,"March 21, 2023 23:00","March 21, 2023 23:56",0,,3360,0,3360,"March 21, 2023 11:16 PM",21/03/2023,21/03/2023,,,,,,
Fix not showing the images when uploading,Very high,Bug ğŸ,Complete,Sprint 10,"April 6, 2023 15:57","April 6, 2023 16:20",0,Resources are uploaded to the wrong folder in S3 (uppercase) and should be stored inside the lowercase ones,1380,0,1380,"March 14, 2023 3:50 AM",06/04/2023,06/04/2023,,,,,,
"When users upload several NSFW images, block them for a period of time",Medium,"Improvement ğŸš€, Task ğŸ”¨",Reference,Sprint 10,,,0,Set to users the block date when several NSFW content is uploaded to chats (https://www.notion.so/Set-to-users-the-block-date-when-several-NSFW-content-is-uploaded-to-chats-9d9e4a73829d4a089ee2fcdfec9bea21?pvs=21) ,,0,0,"March 14, 2023 2:50 AM",,,,,,,,
Migrate nsfw service to Python,Critical ğŸ”¥,"Bug ğŸ, Refactor ğŸ› ï¸",Complete,Sprint 10,"March 12, 2023 13:57","March 14, 2023 2:49",24,"https://pythonspeed.com/articles/activate-virtualenv-dockerfile/
https://stackoverflow.com/questions/30215830/dockerfile-copy-keep-subdirectory-structure
Needed to set the Internet Address to 0.0.0.0 to be able to receive external requests",132720,86400,46320,"March 12, 2023 1:56 PM",12/03/2023,14/03/2023,,,,,,
Improve friends functionality to not add symmetric rows to DB,Medium,"Improvement ğŸš€, Refactor ğŸ› ï¸",Not Started,,,,,"To represent friends, with only one relation suffices (or look for other techniques).",,0,0,"March 12, 2023 3:19 AM",,,,,,,,
Report user form and send a notification to administrators of a new report.,Medium,Improvement ğŸš€,Not Started,,,,,,,0,0,"March 12, 2023 2:12 AM",,,,,,,,
Dockerize rs-chat-utils services,Very high,"Configuration âš™ï¸, Improvement ğŸš€",Complete,Sprint 10,"March 11, 2023 17:45","March 14, 2023 3:14",36,"https://github.com/tensorflow/tfjs/issues/1425#issuecomment-596197404
I have to build tensorflow from source or downgrade to 1.5. After compiling from source (6.7 h) found version https://github.com/yaroslavvb/tensorflow-community-wheels/issues/217",206940,129600,77340,"March 11, 2023 6:51 PM",11/03/2023,14/03/2023,,,,,,
Send requests from the FileController to the utility NSFW service,High,"Improvement ğŸš€, Security ğŸ”’",Complete,Sprint 09,"March 11, 2023 2:35","March 11, 2023 5:34",0,"Store the file before the request and send the path to the NSFW service, remove multer lib from the service, since it is not used. For making the requests RestTemplate is useful.",10740,0,10740,"March 11, 2023 5:33 AM",11/03/2023,11/03/2023,,,,,,
"When the chat passes 1 month, delete the history",Medium,"Idea ğŸ§ , Improvement ğŸš€",Not Started,,,,,,,0,0,"February 28, 2023 5:48 PM",,,,,,,,
Integrate the Keras NSFW model to Java (new service or integrated in the app),Low,"Idea ğŸ§ , Improvement ğŸš€",Cancelled,,,"March 11, 2023 2:30",,"https://towardsdatascience.com/deploying-keras-deep-learning-models-with-java-62d80464f34a
",,0,0,"February 27, 2023 1:50 AM",,11/03/2023,,,,,,
Single IntelliJ project with all modules inside,High,Configuration âš™ï¸,Complete,Sprint 09,"February 25, 2023 0:29","February 25, 2023 0:42",0,Import as modules and thatâ€™s it,780,0,780,"February 25, 2023 12:29 AM",25/02/2023,25/02/2023,,,,,,
For image detection use nsfwjs backend lib to use the IA model,High,Improvement ğŸš€,Complete,Sprint 09,"February 25, 2023 1:40","February 25, 2023 23:26",12,"https://www.npmjs.com/package/nsfwjs#node-js-app
https://github.com/tensorflow/tfjs/issues/7273#issuecomment-1384413639",78360,43200,35160,"February 25, 2023 12:16 AM",25/02/2023,25/02/2023,,,,,,
Use magic-8-ball api for that chat command,Medium,"Improvement ğŸš€, Task ğŸ”¨",Complete,Sprint 09,"February 25, 2023 1:40","February 25, 2023 19:48",10,https://www.eightballapi.com/docs,65280,36000,29280,"February 25, 2023 12:13 AM",25/02/2023,25/02/2023,,,,,,
Add a â€˜Copy codeâ€™ in reset password email template,Medium,Task ğŸ”¨,Complete,Sprint 09,"February 23, 2023 2:54","February 23, 2023 3:20",0,,1560,0,1560,"February 23, 2023 2:54 AM",23/02/2023,23/02/2023,,,,,,https://github.com/scastd00/rs-chat-backend/pull/39
Fix email sender,Critical ğŸ”¥,Bug ğŸ,Complete,Sprint 09,"February 23, 2023 2:00","February 23, 2023 2:54",0,"Use the package spring-boot-starter-mail instead of javax.mail
https://mkyong.com/spring-boot/spring-boot-how-to-send-email-via-smtp/",3240,0,3240,"February 23, 2023 2:39 AM",23/02/2023,23/02/2023,,,,,,
Update policies messages,High,Bug ğŸ,Complete,Sprint 09,"February 22, 2023 0:23","February 22, 2023 1:38",0,message() call overrides the default message assigned to the constraint,4500,0,4500,"February 22, 2023 1:37 AM",22/02/2023,22/02/2023,,,,,,
Make the MailSender a component,Medium,"Configuration âš™ï¸, Refactor ğŸ› ï¸",Cancelled,Sprint 09,"February 21, 2023 23:30","February 21, 2023 23:50",0,,1200,0,1200,"February 20, 2023 5:59 PM",21/02/2023,21/02/2023,,,,,,
Integration tests,Very high,"Improvement ğŸš€, Test ğŸ§ª",In Progress,Sprint 09,"February 20, 2023 17:05",,,"https://reflectoring.io/spring-boot-test/
Disable some beans to avoid conflicts in tests",,0,0,"February 20, 2023 5:11 PM",20/02/2023,,,,,,,
"Refactor of HttpResponse, back to previous implementation.",Critical ğŸ”¥,"Bug ğŸ, Improvement ğŸš€, Refactor ğŸ› ï¸, Test ğŸ§ª",Complete,Sprint 09,"February 18, 2023 17:16","February 18, 2023 18:51",0.5,,5700,1800,3900,"February 18, 2023 4:07 PM",18/02/2023,18/02/2023,,,,,,https://github.com/scastd00/rs-chat-backend/pull/38
New implementation for HttpServletResponse to be able to test the controllers,Medium,"Refactor ğŸ› ï¸, Test ğŸ§ª",Complete,Sprint 09,"February 16, 2023 1:38","February 17, 2023 20:13",18,,153300,64800,88500,"February 16, 2023 1:37 AM",16/02/2023,17/02/2023,,,,,,https://github.com/scastd00/rs-chat-backend/pull/37
Controller tests with MockMvc,Medium,"Improvement ğŸš€, Test ğŸ§ª",In Progress,Sprint 09,"February 15, 2023 0:55",,13,See description for more details,,46800,-46800,"February 15, 2023 12:58 AM",15/02/2023,,,,,,,
Use WebTau for E2E tests (for test the API),High,"Improvement ğŸš€, Test ğŸ§ª",Cancelled,,,"February 21, 2023 23:30",,https://github.com/testingisdocumenting/webtau,,0,0,"February 14, 2023 3:41 AM",,21/02/2023,,,,,,
Remove from shouldNotSomething tests the given save to the repository,High,"Refactor ğŸ› ï¸, Test ğŸ§ª",Complete,Sprint 09,"February 14, 2023 1:31","February 14, 2023 2:08",0,Also improved existing tests and added more,2220,0,2220,"February 14, 2023 1:29 AM",14/02/2023,14/02/2023,,,,,,
Script to update secrets in GitHub for tests,High,"Improvement ğŸš€, Security ğŸ”’, Test ğŸ§ª",Complete,Sprint 09,"February 14, 2023 14:08","February 14, 2023 20:04",4,,21360,14400,6960,"February 13, 2023 3:34 AM",14/02/2023,14/02/2023,,,,,,
Fix problems when sending a media message after uploading it,Very high,Bug ğŸ,Complete,Sprint 08,"February 10, 2023 2:00","February 10, 2023 2:30",0,,1800,0,1800,"February 10, 2023 2:16 AM",10/02/2023,10/02/2023,,,,,,
DTO for upload strategies,Low,Refactor ğŸ› ï¸,Complete,Sprint 08,"February 10, 2023 2:48","February 10, 2023 3:01",0,,780,0,780,"February 10, 2023 1:59 AM",10/02/2023,10/02/2023,,,,,,
Count the commands used and save it in the userâ€™s column in db,Low,Improvement ğŸš€,Complete,Sprint 08,"February 9, 2023 21:54","February 9, 2023 22:14",0,,1200,0,1200,"February 9, 2023 9:53 PM",09/02/2023,09/02/2023,,,,,,
Move command instantiation to its class as static members,Medium,"Improvement ğŸš€, Refactor ğŸ› ï¸",Complete,Sprint 08,"February 9, 2023 21:18","February 9, 2023 21:53",0,,2100,0,2100,"February 9, 2023 9:18 PM",09/02/2023,09/02/2023,,,,,,
Other users should not receive the command message if it is for own use. Mentions are sent to all users,Medium,Improvement ğŸš€,Complete,Sprint 08,"February 9, 2023 11:55","February 9, 2023 14:31",0.5,,9360,1800,7560,"February 9, 2023 1:56 PM",09/02/2023,09/02/2023,,,,,,
New DTO for handling commands,Medium,Refactor ğŸ› ï¸,Complete,Sprint 08,"February 9, 2023 2:00","February 9, 2023 2:15",0,,900,0,900,"February 9, 2023 2:06 AM",09/02/2023,09/02/2023,,,,,,
Revise the JSON.parse method calls in frontend to check if they must be removed since the JSON is sent correctly now,High,Task ğŸ”¨,Complete,Sprint 08,"February 8, 2023 12:32","February 8, 2023 17:21",1,,17340,3600,13740,"February 8, 2023 3:50 AM",08/02/2023,08/02/2023,,,,,,
Fix serialization problems of JsonObject when sending responses,Very high,"Improvement ğŸš€, Refactor ğŸ› ï¸",Complete,Sprint 08,"February 8, 2023 1:05","February 8, 2023 2:50",0.5,New Serializers for ObjectMapper,6300,1800,4500,"February 8, 2023 12:21 AM",08/02/2023,08/02/2023,,,,,,
Badge view in profile or new page,Medium,Improvement ğŸš€,Complete,Sprint 08,"February 7, 2023 18:30","February 8, 2023 20:53",0,Also added stats,94980,0,94980,"February 7, 2023 6:30 PM",07/02/2023,08/02/2023,,,,,,
Create the design of the badges,Medium,Task ğŸ”¨,Complete,Sprint 08,"February 7, 2023 11:50","February 7, 2023 16:48",2,https://badge.design/ https://pictogrammers.com/library/mdi/ https://vectorink.io/app/,17880,7200,10680,"February 7, 2023 11:52 AM",07/02/2023,07/02/2023,,,,,,
"When reconnecting to a chat, the history is not retrieved",Very high,Bug ğŸ,Complete,Sprint 08,"February 8, 2023 19:30","February 8, 2023 19:48",0,Detected in websocket readyState,1080,0,1080,"February 1, 2023 9:06 PM",08/02/2023,08/02/2023,,,,,,
Big refactor to inject some objects to message strategies,High,"Improvement ğŸš€, Refactor ğŸ› ï¸",Complete,Sprint 08,"February 1, 2023 19:38","February 1, 2023 21:06",0,,5280,0,5280,"February 1, 2023 7:37 PM",01/02/2023,01/02/2023,,,,,,
"Make all strategies a @Component, to be able to inject attributes",Low,"Improvement ğŸš€, Refactor ğŸ› ï¸",Cancelled,,,,,See Big refactor to inject some objects to message strategies (https://www.notion.so/Big-refactor-to-inject-some-objects-to-message-strategies-e55b16e03ffe42268749f0f0252555ee?pvs=21). Strategies do not have the annotation but all the needed arguments are passed to the constructor of the strategy from the Mappings class (this is a @Component class),,0,0,"February 1, 2023 1:59 AM",,,,,,,,
"Bugfix: uri is not a property in messages, it was changed to path",Critical ğŸ”¥,Bug ğŸ,Complete,Sprint 08,"January 31, 2023 0:20","January 31, 2023 0:25",0,,300,0,300,"January 31, 2023 12:24 AM",31/01/2023,31/01/2023,,,,,,
Mappings for Upload strategies,High,Improvement ğŸš€,Complete,Sprint 08,"January 30, 2023 20:34","January 30, 2023 21:05",0,"Instead of using Map, an ArrayList of new value object is used",1860,0,1860,"January 30, 2023 11:54 PM",30/01/2023,30/01/2023,,,,,,
Bugfix: history file is deleted from disk after 10 minutes (scheduled task) but should not be deleted unless there is no users in the chat,Very high,Bug ğŸ,Complete,Sprint 08,"January 30, 2023 23:45","January 30, 2023 23:53",0,,480,0,480,"January 30, 2023 11:52 PM",30/01/2023,30/01/2023,,,,,,
Replace single MIME type for files with the full MIME type name,Medium,Refactor ğŸ› ï¸,Cancelled,,,"January 31, 2023 23:30",-1,This change would affect the storage of the files in S3 bucket,,0,0,"January 30, 2023 10:40 PM",,31/01/2023,,,,,,
Image recognition with deeplearning4j library,Medium,Improvement ğŸš€,Cancelled,,,"February 25, 2023 0:13",,"https://medium.com/datactw/image-classification-neural-network-tutorial-getting-started-with-deep-learning-for-java-dl4j-b36372aad656
https://www.baeldung.com/java-cnn-deeplearning4j",,0,0,"January 30, 2023 4:45 PM",,25/02/2023,,,,,,
Delegate functionality to Chat class instead of ChatManagement,High,"Improvement ğŸš€, Refactor ğŸ› ï¸",Complete,Sprint 08,"January 30, 2023 2:10","January 30, 2023 4:24",0,Also improved code readability of both classes,8040,0,8040,"January 30, 2023 4:24 AM",30/01/2023,30/01/2023,,,,,,
Possibility to add a proxy between the client and the server,UNSET,"Idea ğŸ§ , Improvement ğŸš€, Security ğŸ”’",Not Started,,,,,,,0,0,"January 28, 2023 10:52 PM",,,,,,,,
Add JWTService class and change library to jjwt,Low,Refactor ğŸ› ï¸,Complete,Sprint 08,"January 26, 2023 22:06","January 27, 2023 1:58",2.4,,13920,8640,5280,"January 26, 2023 11:11 PM",26/01/2023,27/01/2023,,,,,,
Go down button with small number icon to specify the received messages,Medium,Improvement ğŸš€,Not Started,,,,,,,0,0,"January 26, 2023 4:25 PM",,,,,,,,
10k lines of code ğŸŠ,Critical ğŸ”¥,,Complete,,,"January 26, 2023 3:35",,,,0,0,"January 26, 2023 3:34 AM",,26/01/2023,,,,,,
"Close all sessions does not work well (after doing it, I continued to the chat page in other tab)",High,Bug ğŸ,Complete,Sprint 08,"January 31, 2023 13:20","January 31, 2023 14:10",0,,3000,0,3000,"January 26, 2023 3:20 AM",31/01/2023,31/01/2023,,,,,,
Administration button to close/open chats and send to home the connected users,Low,Improvement ğŸš€,Cancelled,,,"January 31, 2023 23:06",,,,0,0,"January 25, 2023 5:44 PM",,31/01/2023,,,,,,
File caching to not read files from disk all times,Very high,Improvement ğŸš€,Complete,Sprint 08,"January 25, 2023 15:54","January 26, 2023 0:32",3.5,,31080,12600,18480,"January 25, 2023 3:53 PM",25/01/2023,26/01/2023,,,,,,
Spring migration from 2.7.0 to 3.0.2,High,"Improvement ğŸš€, Refactor ğŸ› ï¸, Security ğŸ”’, Task ğŸ”¨",Complete,Sprint 08,"January 26, 2023 16:45","January 26, 2023 22:00",1.6,,18900,5760,13140,"January 25, 2023 1:52 AM",26/01/2023,26/01/2023,,,,,,
Huge refactor to use JPA Buddy when generating entities and relationships,Critical ğŸ”¥,Refactor ğŸ› ï¸,Complete,Sprint 08,"January 22, 2023 17:34","January 24, 2023 21:46",24,https://www.youtube.com/watch?v=DC6FrC4olhE,187920,86400,101520,"January 22, 2023 5:33 PM",22/01/2023,24/01/2023,,,,,,
Add teachers to degree by administrator,Very high,"Improvement ğŸš€, Task ğŸ”¨",Complete,Sprint 08,"January 22, 2023 16:19","January 22, 2023 17:15",0,Teachers are added implicitly to the degrees when they are added to a subject. Modify admin dashboard to show the degree of each subject,3360,0,3360,"January 22, 2023 4:19 PM",22/01/2023,22/01/2023,,,,,,
Special rooms for games,Very low,"Idea ğŸ§ , Improvement ğŸš€",Not Started,,,,,"TicTacToe, Bingoâ€¦",,0,0,"January 22, 2023 3:27 PM",,,,,,,,
Refactor of if statements in Policies class to use Yavi validation library,Very high,"Improvement ğŸš€, Refactor ğŸ› ï¸",Complete,Sprint 08,"January 20, 2023 12:35","January 20, 2023 23:42",3,,40020,10800,29220,"January 20, 2023 3:23 AM",20/01/2023,20/01/2023,,,,,,
Add Quartz lib to schedule all the tasks.,Medium,Improvement ğŸš€,Cancelled,Sprint 08,"January 15, 2023 13:50","January 15, 2023 14:00",0,,600,0,600,"January 15, 2023 3:22 AM",15/01/2023,15/01/2023,,,,,,
Improve the security of my home Wi-Fi and network,High,"Research â›°ï¸, Security ğŸ”’",Not Started,,,,,,,0,0,"December 23, 2022 10:42 PM",,,,,,,,
Implement rate limit to avoid spamming a lot of messages in short time,High,Improvement ğŸš€,Complete,Sprint 08,"February 1, 2023 0:40","February 1, 2023 15:24",8,Messages that are sent after the notification of TOO_FAST_MESSAGE are deleted from the user chat view,53040,28800,24240,"December 23, 2022 8:54 PM",01/02/2023,01/02/2023,,,,,,
Add relations to entities to reduce queries,Low,Refactor ğŸ› ï¸,Reference,,,,,See Huge refactor to use JPA Buddy when generating entities and relationships (https://www.notion.so/Huge-refactor-to-use-JPA-Buddy-when-generating-entities-and-relationships-20d0e8a92bd946b8a0bd9d0f9f4dae9c?pvs=21) ,,0,0,"December 23, 2022 8:48 PM",,,,,,,,
Fix /dice command. Page crashes,Very high,Bug ğŸ,Complete,Sprint 07,"December 21, 2022 0:20","December 21, 2022 0:50",0,,1800,0,1800,"December 20, 2022 4:59 PM",21/12/2022,21/12/2022,,,,,,
Add teacher to subject by administrator,High,"Improvement ğŸš€, Task ğŸ”¨",Complete,Sprint 07,"December 18, 2022 14:52","December 21, 2022 17:44",28,"2 columns in UI: Left with teacher names and id, Right with subject names. With a search bar for each column",269520,100800,168720,"December 18, 2022 2:51 PM",18/12/2022,21/12/2022,,,,,,
Teacher service to get data,High,Task ğŸ”¨,Complete,Sprint 07,"December 18, 2022 2:08","December 18, 2022 4:00",0,,6720,0,6720,"December 18, 2022 2:28 AM",18/12/2022,18/12/2022,,,,,,
"When sending a non-text message, the Handler crashes because the content could not be read as normal text.",Very high,Bug ğŸ,Complete,Sprint 07,"December 17, 2022 20:35","December 17, 2022 22:57",1,Check the type before the content,8520,3600,4920,"December 17, 2022 8:48 PM",17/12/2022,17/12/2022,,,,,,
Know how to add custom stats to send to Prometheus,Medium,"Configuration âš™ï¸, Improvement ğŸš€",Complete,Sprint 07,"December 17, 2022 2:49","December 17, 2022 3:20",0,https://fabianlee.org/2022/06/29/java-adding-custom-metrics-to-spring-boot-micrometer-prometheus-endpoint/,1860,0,1860,"December 17, 2022 2:49 AM",17/12/2022,17/12/2022,,,,,,
Mark html containing the mentioned user,Low,Improvement ğŸš€,Complete,Sprint 07,"December 16, 2022 20:46","December 17, 2022 0:13",1,,12420,3600,8820,"December 16, 2022 8:46 PM",16/12/2022,17/12/2022,,,,,,
Send mention message to the mentioned user to notify in frontend,Medium,Improvement ğŸš€,Complete,Sprint 07,"December 16, 2022 1:40","December 16, 2022 20:07",12,,66420,43200,23220,"December 16, 2022 1:40 AM",16/12/2022,16/12/2022,,,,,,
Add support for multi-parameter commands and multiple commands in one message,High,"Bug ğŸ, Improvement ğŸš€",Complete,Sprint 07,"December 11, 2022 0:00","December 13, 2022 0:36",24,Implement a parser in backend to correctly send messages. It must support multiple parameters for a command and several commands in one message,174960,86400,88560,"December 10, 2022 4:12 AM",11/12/2022,13/12/2022,,,,,,
"Add new commands for fun (roll a dice, 8 ball, â€¦)",Low,Improvement ğŸš€,Complete,Sprint 07,"December 10, 2022 3:40","December 16, 2022 3:00",-1,,516000,0,516000,"December 10, 2022 3:54 AM",10/12/2022,16/12/2022,,,,,,
Make a table to display command help in frontend,Low,Improvement ğŸš€,Not Started,,,,,,,0,0,"December 10, 2022 3:34 AM",,,,,,,,
Refactor commands in backend,Medium,Refactor ğŸ› ï¸,Complete,Sprint 06,"December 10, 2022 2:00","December 10, 2022 3:00",0,New record with several fields and removed from the CommandStrategy interface,3600,0,3600,"December 10, 2022 3:33 AM",10/12/2022,10/12/2022,,,,,,
Send logs to Grafana with Loki,High,Improvement ğŸš€,Complete,Sprint 06,"December 5, 2022 20:00","December 7, 2022 1:00",16,Improve by making a custom archive to send the logs to and read from that,104400,57600,46800,"December 6, 2022 11:08 PM",05/12/2022,07/12/2022,,,,,,
Teacher routes in frontend,Medium,Improvement ğŸš€,In Progress,Sprint 06,"November 20, 2022 12:37",,,,,0,0,"November 20, 2022 12:36 PM",20/11/2022,,,,,,,
Fix Force Browsing the images in S3 bucket,Very high,"Bug ğŸ, Improvement ğŸš€, Security ğŸ”’",Not Started,,,,,See Change IDOR (Insecure Direct Object Reference) when showing the chat URL (https://www.notion.so/Change-IDOR-Insecure-Direct-Object-Reference-when-showing-the-chat-URL-9c79060be308413eaa5c4347804886d5?pvs=21) ,,0,0,"November 20, 2022 12:15 PM",,,,,,,,
"When user has friends and they are connected to the same chat, the first active users shown must be that friends",Low,Improvement ğŸš€,Not Started,,,,,,,0,0,"November 20, 2022 2:27 AM",,,,,,,,
View profile functionality. Username is used in URL,Medium,Improvement ğŸš€,In Progress,Sprint 06,"November 20, 2022 2:06",,,,,0,0,"November 20, 2022 2:05 AM",20/11/2022,,,,,,,
Improve going back and forward with mouse buttons,Medium,Improvement ğŸš€,Not Started,,,,,"Store the location where the user joined the page and if there are no more entries to go back, go to that location.",,0,0,"November 20, 2022 12:24 AM",,,,,,,,
"Do not refresh page when changing chat. Clear history, info and users",High,"Improvement ğŸš€, Task ğŸ”¨",Cancelled,,,"November 20, 2022 0:20",,,,0,0,"November 18, 2022 8:52 PM",,20/11/2022,,,,,,
Change IDOR (Insecure Direct Object Reference) when showing the chat URL,High,"Bug ğŸ, Improvement ğŸš€, Security ğŸ”’",Complete,Sprint 06,"November 18, 2022 20:54","November 20, 2022 0:22",8,"Check this video for explanation: https://www.youtube.com/watch?v=rloqMGcPMkI
IDOR - fix with new reducer in frontend (history of all pages visited)",98880,28800,70080,"November 18, 2022 8:28 PM",18/11/2022,20/11/2022,,,,,,
Implement individual chats,Very high,Improvement ğŸš€,Complete,Sprint 06,"November 17, 2022 16:35","November 18, 2022 15:41",3,"Now do this â†’ Do not refresh page when changing chat. Clear history, info and users (https://www.notion.so/Do-not-refresh-page-when-changing-chat-Clear-history-info-and-users-66031452a56f40d285fee01ed86e6170?pvs=21) ",83160,10800,72360,"November 17, 2022 2:24 PM",17/11/2022,18/11/2022,,,,,,
Backend logging division by level,Very high,"Configuration âš™ï¸, Improvement ğŸš€",Complete,Sprint 06,"November 16, 2022 23:30","November 17, 2022 0:05",0,,2100,0,2100,"November 17, 2022 12:07 AM",16/11/2022,17/11/2022,,,,,,
Check response bodies in frontend,Very high,"Refactor ğŸ› ï¸, Task ğŸ”¨",Complete,Sprint 06,"November 16, 2022 20:00","November 16, 2022 20:06",0,,360,0,360,"November 16, 2022 6:55 PM",16/11/2022,16/11/2022,,,,,,
"Refactor all the controllers. When an exception is thrown in other method, catch it to send a response message to show to the user",Very high,"Refactor ğŸ› ï¸, Task ğŸ”¨",Complete,Sprint 06,"November 15, 2022 23:28","November 16, 2022 19:24",14,"Change the error message retrieval in frontend.
Can be rolled back to not using this, since the exceptions are sent if thrown in other method, but the message retrieval changes a bit.",71760,50400,21360,"November 15, 2022 11:27 PM",15/11/2022,16/11/2022,,,,,,
Web Socket does not connect to backend in production,Critical ğŸ”¥,"Bug ğŸ, Task ğŸ”¨",Complete,Sprint 06,"November 11, 2022 18:30","November 16, 2022 1:28",-1,Brave Browser was blocking the connection ğŸ˜­,370680,0,370680,"November 10, 2022 10:10 PM",11/11/2022,16/11/2022,,,,,,
Application statistics. Maybe other application using SQS locally?,Medium,Improvement ğŸš€,Reference,,,,,"Ref: Chat statistics - Per user, number of messages, words writtenâ€¦ (https://www.notion.so/Chat-statistics-Per-user-number-of-messages-words-written-e4f38babbf804ac59c7bfe6c5d4ef170?pvs=21) ",,0,0,"November 6, 2022 12:36 AM",,,,,,,,
Implement commands and mentions,High,Improvement ğŸš€,In Progress,Sprint 05,"November 6, 2022 2:34",,,,,0,0,"November 5, 2022 3:34 PM",06/11/2022,,,,,,,
Support mentions with â€˜@â€™ character,Medium,Improvement ğŸš€,Complete,Sprint 05,"November 5, 2022 3:36","November 5, 2022 15:33",9,Use the same tokenizer for commands but for @ symbol,43020,32400,10620,"November 5, 2022 3:34 AM",05/11/2022,05/11/2022,,,,,,
Revise all todo tasks,Very high,"Research â›°ï¸, Task ğŸ”¨",Complete,Sprint 05,"November 4, 2022 20:27","November 5, 2022 0:58",1.5,"First frontend, then backend",16260,5400,10860,"November 4, 2022 8:26 PM",04/11/2022,05/11/2022,,,,,,
Extract connection display to new component,Medium,Refactor ğŸ› ï¸,Complete,Sprint 05,"November 4, 2022 13:39","November 4, 2022 14:00",0,,1260,0,1260,"November 4, 2022 8:15 PM",04/11/2022,04/11/2022,,,,,,
New component colors for the information messages,High,Improvement ğŸš€,Complete,Sprint 05,"November 4, 2022 14:21","November 4, 2022 14:23",0,,120,0,120,"November 4, 2022 1:37 PM",04/11/2022,04/11/2022,,,,,,
Reconnect button in ToolBar,Medium,Improvement ğŸš€,Not Started,,,,,Might not be needed,,0,0,"November 2, 2022 5:11 PM",,,,,,,,
An â€˜ActiveUsersâ€™ message is sent after the client closes a chat,High,Bug ğŸ,Ignore,,,,,It is a message to get all the active users when one leaves the chat. No problem,,0,0,"November 2, 2022 4:59 PM",,,,,,,,
State information about the connection of the socket to the server (Connected or disconnected) in Toolbar,Medium,Improvement ğŸš€,Complete,Sprint 05,"November 2, 2022 17:03","November 2, 2022 17:11",0,,480,0,480,"November 2, 2022 4:57 PM",02/11/2022,02/11/2022,,,,,,
Global variable to store the WebSocket client when the user is logged in,High,Improvement ğŸš€,Complete,Sprint 05,"November 2, 2022 16:41","November 2, 2022 17:00",0,Kept global state with a React context: https://stackoverflow.com/questions/69675357/react-what-is-the-proper-way-to-do-global-state,1140,0,1140,"November 2, 2022 4:31 PM",02/11/2022,02/11/2022,,,,,,
Refactor connection to web socket server by adding one previous step to joining the chat,High,"Improvement ğŸš€, Refactor ğŸ› ï¸, Task ğŸ”¨",Complete,Sprint 05,"October 30, 2022 0:39","October 30, 2022 1:18",0,Now messages can be sent without being in a chat,2340,0,2340,"October 30, 2022 12:38 AM",30/10/2022,30/10/2022,,,,,,
Add a new page to send information message to all users,High,Improvement ğŸš€,Complete,Sprint 05,"October 30, 2022 22:30","October 31, 2022 2:34",0,"In frontend we make a new page with a chat (only for administrators) and every message that is sent, is globally notified (new type and task). Also, I can define buttons to have predefined messages to send.",14640,0,14640,"October 29, 2022 4:06 PM",30/10/2022,31/10/2022,,,,,,
"Remove refresh token from sessions, because it is not used",High,Refactor ğŸ› ï¸,Complete,Sprint 05,"October 28, 2022 1:57","October 28, 2022 2:40",0,Also from frontend in Redux,2580,0,2580,"October 28, 2022 1:37 AM",28/10/2022,28/10/2022,,,,,,
Administration button to schedule the restart of the server,Very high,Improvement ğŸš€,Complete,Sprint 05,"October 29, 2022 0:40","October 29, 2022 16:06",8,,55560,28800,26760,"October 27, 2022 12:56 PM",29/10/2022,29/10/2022,,,,,,
Migrate useEffect with API calls with useQuery,Medium,Improvement ğŸš€,Not Started,,,,,,,0,0,"October 26, 2022 9:37 PM",,,,,,,,
Leave chat (user action),Medium,Improvement ğŸš€,Complete,Sprint 05,"October 26, 2022 18:53","October 26, 2022 19:10",0,,1020,0,1020,"October 26, 2022 6:45 PM",26/10/2022,26/10/2022,,,,,,
Add support for text and pdf files messages,High,Improvement ğŸš€,Complete,Sprint 05,"October 26, 2022 0:38","October 26, 2022 1:30",0,Remains giving style to the message boxes,3120,0,3120,"October 26, 2022 12:38 AM",26/10/2022,26/10/2022,,,,,,
PDF visualizer,Medium,Improvement ğŸš€,Complete,Sprint 05,"October 26, 2022 15:30","October 26, 2022 17:38",0.3,,7680,1080,6600,"October 25, 2022 8:41 PM",26/10/2022,26/10/2022,,,,,,
Check why the sessions are removed every time the scheduled task is executed,Medium,Bug ğŸ,Complete,Sprint 05,"October 25, 2022 20:25","October 25, 2022 20:32",0,Token did not have the prefix when verifying it. Changed implementation of the method to support having or not the â€œBearer â€œ prefix,420,0,420,"October 25, 2022 3:12 AM",25/10/2022,25/10/2022,,,,,,
Improve observability with Grafana,Medium,"Configuration âš™ï¸, Improvement ğŸš€",Complete,Sprint 06,"November 27, 2022 0:14","December 7, 2022 17:15",-1,"https://grafana.com/blog/2022/04/26/set-up-and-observe-a-spring-boot-application-with-grafana-cloud-prometheus-and-opentelemetry/
Also add Loki for managing the logs",925260,0,925260,"October 23, 2022 5:10 PM",27/11/2022,07/12/2022,,,,,,
Improve performance when showing the emojis,Very high,Improvement ğŸš€,In Progress,Sprint 05,"October 26, 2022 19:38",,,,,0,0,"October 23, 2022 1:21 PM",26/10/2022,,,,,,,
Fix removal of chats with incorrect id. Modify tables to have one column with the id of the table the entries come from.,High,Bug ğŸ,Complete,Sprint 05,"October 22, 2022 12:15","October 22, 2022 23:45",3,,41400,10800,30600,"October 22, 2022 1:07 PM",22/10/2022,22/10/2022,,,,,,
"Add end date to sessions, to not verify on each token every 15 minutes to check if it has expired.",Medium,"Improvement ğŸš€, Refactor ğŸ› ï¸",Complete,Sprint 05,"October 28, 2022 1:35","October 28, 2022 1:56",0,,1260,0,1260,"October 22, 2022 12:15 AM",28/10/2022,28/10/2022,,,,,,
Send information message when the deployment is going to be done,High,"Configuration âš™ï¸, Improvement ğŸš€",Not Started,,,,,,,0,0,"October 21, 2022 5:22 PM",,,,,,,,
"Add to the name of the subjects and groups a random String at the end to support repeated names, but not show it when retrieving information",Medium,Task ğŸ”¨,Not Started,,,,,,,0,0,"October 21, 2022 2:18 PM",,,,,,,,
Improve Administration pages with edit and list views (with edit and remove button on every item of the list),Medium,Improvement ğŸš€,Complete,Sprint 05,"October 21, 2022 19:30","October 22, 2022 17:23",10,"Deleting chats, remove history",78780,36000,42780,"October 20, 2022 7:24 PM",21/10/2022,22/10/2022,,,,,,
Block users for 10 minutes when they introduce a wrong password,Medium,"Improvement ğŸš€, Task ğŸ”¨",Not Started,,,,,See description for more details,,0,0,"October 20, 2022 5:59 PM",,,,,,,,
Block users,Medium,Improvement ğŸš€,Complete,Sprint 10,"March 11, 2023 16:00","April 5, 2023 13:00",-1,,2145600,0,2145600,"October 20, 2022 11:31 AM",11/03/2023,05/04/2023,,,,,,
Add friends,Medium,Improvement ğŸš€,Complete,Sprint 10,"March 11, 2023 14:00","March 12, 2023 3:18",8,"Disable users from sending messages themselves, if users see their own profile, go to the profile page (both new functionality)",47880,28800,19080,"October 20, 2022 11:19 AM",11/03/2023,12/03/2023,,,,,,
Poll system integrated in the chat,Very low,"Idea ğŸ§ , Improvement ğŸš€",Not Started,,,,,,,0,0,"October 20, 2022 12:16 AM",,,,,,,,
Improve log configuration file to make files with RollingFilePolicy,Medium,Improvement ğŸš€,Complete,Sprint 05,"October 19, 2022 17:20","October 20, 2022 18:10",0,,89400,0,89400,"October 19, 2022 6:04 PM",19/10/2022,20/10/2022,,,,,,
Create email server at home,High,"Configuration âš™ï¸, Improvement ğŸš€",Not Started,,,,,,,0,0,"October 18, 2022 4:07 PM",,,,,,,,
Create self-signed SSL cert to enable access from Vercel,Very high,"Bug ğŸ, Configuration âš™ï¸",Complete,Sprint 05,"October 16, 2022 18:32","October 17, 2022 21:12",8,No self-signed SSL used. We use certbot to get the certificates automatically with reliable CA.,96000,28800,67200,"October 16, 2022 6:32 PM",16/10/2022,17/10/2022,,,,,,
Configure home server,Critical ğŸ”¥,"Configuration âš™ï¸, Improvement ğŸš€",Complete,Sprint 05,"October 14, 2022 16:00","October 16, 2022 22:00",16,,194400,57600,136800,"October 16, 2022 5:00 PM",14/10/2022,16/10/2022,,,,,,
Make WebSockets work in the home server,Critical ğŸ”¥,Configuration âš™ï¸,Complete,Sprint 05,"October 15, 2022 23:28","October 15, 2022 23:32",0,Only needed to change WebSocket connection URL,240,0,240,"October 15, 2022 11:27 PM",15/10/2022,15/10/2022,,,,,,
Make dockerfiles to have a dev and prod containers of the backend,Very high,"Configuration âš™ï¸, Improvement ğŸš€",Cancelled,,,,,Unnecessary. Background processes can be used,,0,0,"October 15, 2022 11:16 PM",,,,,,,,
Backend works correctly in home server,Critical ğŸ”¥,Configuration âš™ï¸,Complete,Sprint 05,"October 15, 2022 20:00","October 15, 2022 23:15",0.7,,11700,2520,9180,"October 15, 2022 11:15 PM",15/10/2022,15/10/2022,,,,,,
Improve Active users tab with list switching (active / all),Medium,Improvement ğŸš€,Complete,Sprint 05,"October 13, 2022 15:50","October 13, 2022 17:34",0.5,,6240,1800,4440,"October 13, 2022 3:54 PM",13/10/2022,13/10/2022,,,,,,
Improve chat grid at home page,Very high,Bug ğŸ,Complete,Sprint 05,"October 13, 2022 0:02","October 13, 2022 0:22",0,Removed margin from DropDown and must be set whenever it is used to the inner components,1200,0,1200,"October 13, 2022 12:02 AM",13/10/2022,13/10/2022,,,,,,
Infinite requests when going to add new group,High,Bug ğŸ,Complete,Sprint 05,"October 12, 2022 23:24","October 12, 2022 23:26",0,A dependency list in useEffect was not present,120,0,120,"October 12, 2022 11:23 PM",12/10/2022,12/10/2022,,,,,,
Register email address in Sendgrid to prevent automatic emails to be received in spam folder,Very high,Bug ğŸ,TempCancel,Sprint 05,"October 12, 2022 2:35",,,Emails are received in spam folder ğŸ˜Ÿ. Moved to Gmail (using tricks ğŸ˜‚ by creating account from mobile without adding it) and new implementation. The links are modified and email is sent to spam.,,0,0,"October 12, 2022 2:37 AM",12/10/2022,,,,,,,
Published Instagram story to get feedback,Medium,Research â›°ï¸,Complete,Sprint 05,"October 12, 2022 0:36","October 13, 2022 0:36",0,,86400,0,86400,"October 12, 2022 1:37 AM",12/10/2022,13/10/2022,,,,,,
Fix general crashes of the app,Critical ğŸ”¥,Bug ğŸ,TempCancel,,,,,,,0,0,"October 12, 2022 1:08 AM",,,,,,,,
Active users table have repeated usernames (users from mobile),High,Bug ğŸ,TempCancel,,,,,,,0,0,"October 12, 2022 1:07 AM",,,,,,,,
Sound must be played on every message (fix hook to execute completely and not pause the sound),Low,Bug ğŸ,TempCancel,,,,,,,0,0,"October 12, 2022 1:06 AM",,,,,,,,
"When mobiles quit browser when they are inside the chat, the WS crashes",Very high,Bug ğŸ,Not Started,,,,,Server must be restarted to enable users to use the chat again,,0,0,"October 12, 2022 1:02 AM",,,,,,,,
"When a user wants to add another to a group, show all the available groups to that person to select one, to copy the invitation code with instructions or send an email",Very low,"Idea ğŸ§ , Improvement ğŸš€",Not Started,,,,,,,0,0,"October 12, 2022 12:14 AM",,,,,,,,
"Fit content to all devices (Phone, tablet, pc)",Critical ğŸ”¥,"Improvement ğŸš€, Task ğŸ”¨",Complete,Sprint 05,"October 11, 2022 23:07","October 12, 2022 0:29",0,,4920,0,4920,"October 11, 2022 11:06 PM",11/10/2022,12/10/2022,,,,,,
ImplementaciÃ³n de algo de funcionalidad mÃ¡s especial. Papers,Very low,Idea ğŸ§ ,Not Started,,,,,,,0,0,"October 10, 2022 5:33 PM",,,,,,,,
"Rank system, get a chat badge (or different colors) when user has written a lot of messages",Very low,"Idea ğŸ§ , Improvement ğŸš€",Complete,Sprint 08,"February 6, 2023 0:47","February 7, 2023 3:52",10,"This implies changes to the database, temporal changes made with red (in the drawings)",97500,36000,61500,"October 10, 2022 5:16 PM",06/02/2023,07/02/2023,,,,,,
Meeting with David Nkoto from Platform.sh,Critical ğŸ”¥,Task ğŸ”¨,Complete,Sprint 04,"October 4, 2022 11:00","October 4, 2022 11:20",0,No contract agreed,1200,0,1200,"October 3, 2022 6:35 PM",04/10/2022,04/10/2022,,,,,,
Refactor message strategy to have only one implementation of handle method (Audio/Image/Text/Video classes),Medium,Refactor ğŸ› ï¸,Complete,Sprint 04,"September 30, 2022 19:48","September 30, 2022 20:00",0,,720,0,720,"September 30, 2022 8:00 PM",30/09/2022,30/09/2022,,,,,,
FIX: max width in image dialog is not correct. See the image sent by amigueldiez,Medium,Bug ğŸ,Not Started,,,,,,,0,0,"September 28, 2022 11:41 PM",,,,,,,,
Improve services to throw exceptions if the entity is not found or an error occurs (and not make it in the controller) and other functionality that could be moved from controllers,Medium,"Refactor ğŸ› ï¸, Test ğŸ§ª",May change,Sprint 04,"September 28, 2022 16:20","October 7, 2022 0:19",-1,Needed refactor of Service and Controller classes,719940,0,719940,"September 28, 2022 1:16 PM",28/09/2022,07/10/2022,,,,,,
Notification when a message is received,Low,Improvement ğŸš€,Complete,Sprint 04,"October 8, 2022 1:36","October 8, 2022 2:00",0,Source of the notification sound: https://mobcup.net/ringtone/mobile-ah-song-jcpfodv9,1440,0,1440,"September 28, 2022 12:57 PM",08/10/2022,08/10/2022,,,,,,
Add chat tabs to have several opened at the same time,Low,Improvement ğŸš€,Not Started,,,,,,,0,0,"September 28, 2022 12:57 PM",,,,,,,,
Add response messages by pressing a button or making double click,Medium,Improvement ğŸš€,Not Started,,,,,,,0,0,"September 27, 2022 3:41 PM",,,,,,,,
"FIX: when a user receives a message and the image is opened, the dialog is closed for some reason",Medium,Bug ğŸ,Not Started,,,,,,,0,0,"September 27, 2022 3:38 PM",,,,,,,,
Add some unit and integration tests,High,"Task ğŸ”¨, Test ğŸ§ª",In Progress,Sprint 04,"September 27, 2022 11:30",,,,,0,0,"September 27, 2022 12:52 PM",27/09/2022,,,,,,,
Fix problems with tests,Very high,"Bug ğŸ, Test ğŸ§ª",Complete,Sprint 04,"September 26, 2022 21:45","September 26, 2022 22:36",0.2,https://medium.com/@skywalkerhunter/fix-org-h2-jdbc-jdbcsqlexception-schema-not-found-and-why-50debde657fa solves problems. https://community.developer.atlassian.com/t/problem-running-junit5-tests-with-maven-surefire/36792 solves problems running tests with Maven,3060,720,2340,"September 26, 2022 10:35 PM",26/09/2022,26/09/2022,,,,,,
Check the indexes in the LaTeX document to correctly generate the numbers,High,Documentation ğŸ“˜,Cancelled,,,,,,,0,0,"September 25, 2022 1:41 AM",,,,,,,,
Apply observer pattern when users join a chat,Medium,Improvement ğŸš€,Not Started,,,,,Watch video,,0,0,"September 23, 2022 4:25 PM",,,,,,,,
Document the pattern used by the ChatMap class,High,Documentation ğŸ“˜,Complete,Sprint 04,"October 1, 2022 13:45","October 4, 2022 12:16",-1,,253860,0,253860,"September 21, 2022 8:10 PM",01/10/2022,04/10/2022,,,,,,
"Instead of â€˜:â€™ for showing emojis, add a button at the beginning of the TextBox",High,Refactor ğŸ› ï¸,Complete,Sprint 04,"September 22, 2022 15:00","October 6, 2022 20:17",-1,Paused the implementation due to creation of the document for the final delivery,1228620,0,1228620,"September 20, 2022 9:57 AM",22/09/2022,06/10/2022,,,,,,
Add support for commands with â€˜/â€™ character,Low,Improvement ğŸš€,Complete,Sprint 05,"November 5, 2022 2:01","November 5, 2022 15:33",9,Use a Tokenizer (idea),48720,32400,16320,"September 16, 2022 3:11 PM",05/11/2022,05/11/2022,,,,,,
Add the clock (bean) to Instant.now() calls,Medium,Task ğŸ”¨,Complete,Sprint 04,"September 16, 2022 13:26","September 16, 2022 13:36",0,,600,0,600,"September 16, 2022 1:35 PM",16/09/2022,16/09/2022,,,,,,
"Get all the users that belong to a chat and put a small green icon to those connected (show first), those unconnected with a red icon and last",Very low,"Idea ğŸ§ , Improvement ğŸš€, Task ğŸ”¨",Not Started,,,,,,,0,0,"September 14, 2022 10:06 PM",,,,,,,,
"Reduce emojis file to only needed fields (name, emoji, unicode, category, sub-category)",Medium,Improvement ğŸš€,Complete,Sprint 04,"September 15, 2022 12:36","September 15, 2022 13:46",0,Make a table for emojis,4200,0,4200,"September 14, 2022 9:56 PM",15/09/2022,15/09/2022,,,,,,
"Refactor the messages sent over WS to remove encoding field (we only use UTF-8), and simplify to UTF8",High,Refactor ğŸ› ï¸,Complete,Sprint 04,"September 15, 2022 12:21","September 15, 2022 12:33",0,,720,0,720,"September 14, 2022 8:32 PM",15/09/2022,15/09/2022,,,,,,
Add support for adding emojis without pasting them (some keyword like â€˜:â€™),Low,Improvement ğŸš€,Complete,Sprint 04,"September 16, 2022 14:03","September 19, 2022 21:04",-1,"Api: https://github.com/abourtnik/emojis-world
Or have the list in memory or read from the file or have a table in db. Decision: DB. When the users enters character â€˜:â€™ some emojis are suggested. The emoji is between â€˜:â€™ characters",284460,0,284460,"September 14, 2022 5:26 PM",16/09/2022,19/09/2022,,,,,,
Fix problems with audio files that move one message down,Critical ğŸ”¥,Bug ğŸ,Complete,Sprint 04,"September 14, 2022 16:47","September 14, 2022 17:24",0,Only fails when the app is executed locally,2220,0,2220,"September 14, 2022 4:56 PM",14/09/2022,14/09/2022,,,,,,
Save the files uploaded to the database,High,Task ğŸ”¨,Complete,Sprint 04,"September 14, 2022 13:50","September 14, 2022 14:52",0,,3720,0,3720,"September 14, 2022 1:54 PM",14/09/2022,14/09/2022,,,,,,
Limit the size of the files uploaded,High,Improvement ğŸš€,Complete,Sprint 04,"September 14, 2022 14:52","September 14, 2022 14:57",0,,300,0,300,"September 14, 2022 1:21 PM",14/09/2022,14/09/2022,,,,,,
Improve administration view to have several big buttons to select the next window to visualize (not having all data in the same page),High,"Improvement ğŸš€, Refactor ğŸ› ï¸",Complete,Sprint 04,"September 13, 2022 12:15","September 13, 2022 13:42",0,Also added Statistics page,5220,0,5220,"September 12, 2022 11:21 PM",13/09/2022,13/09/2022,,,,,,
Solve problem of not sending USER_LEFT (and USER_JOINED) messages to the server,Critical ğŸ”¥,Bug ğŸ,Complete,Sprint 04,"September 12, 2022 17:15","September 12, 2022 20:00",0.1,"The client was disabled before sending the USER_LEFT message. USER_JOINED are sent after checking that the user can connect to the chat, in the chat page",9900,360,9540,"September 12, 2022 6:08 PM",12/09/2022,12/09/2022,,,,,,
Fix exception when a user exits a chat. User is not created and added to chat,Critical ğŸ”¥,Bug ğŸ,Complete,Sprint 04,"September 12, 2022 8:35","September 12, 2022 8:54",0,The connection with the method does not work as expected. The connection is made in the onopen of the WebSocket,1140,0,1140,"September 12, 2022 3:31 AM",12/09/2022,12/09/2022,,,,,,
Remove checks on register. Only show error when server sends the response,High,"Refactor ğŸ› ï¸, Task ğŸ”¨",Cancelled,,,,,,,0,0,"September 11, 2022 2:04 PM",,,,,,,,
Change all TextField components to be size=â€™smallâ€™,Low,Refactor ğŸ› ï¸,Complete,Sprint 03,"September 10, 2022 20:49","September 11, 2022 20:55",0,,86760,0,86760,"September 10, 2022 12:49 AM",10/09/2022,11/09/2022,,,,,,
Fix 404 error when accessing app in Vercel from external page,High,"Bug ğŸ, Documentation ğŸ“˜",Complete,Sprint 03,"September 9, 2022 14:00","September 9, 2022 14:30",0,https://t3.gg/blog/post/vite-vercel,1800,0,1800,"September 9, 2022 2:00 PM",09/09/2022,09/09/2022,,,,,,
"GET request to a URL with an invitation code as a parameter. Then, the user can join the chat if user is not joined and redirected to it in both cases (joined or not)",Very low,"Idea ğŸ§ , Task ğŸ”¨",TempCancel,,,,,,,0,0,"September 9, 2022 4:18 AM",,,,,,,,
Add email templates for register and password change,High,Improvement ğŸš€,Complete,Sprint 03,"September 9, 2022 1:20","September 11, 2022 17:25",32,,230700,115200,115500,"September 9, 2022 1:01 AM",09/09/2022,11/09/2022,,,,,,
Remove null clients from list in backend when a message is going to be sent,Medium,Bug ğŸ,Complete,Sprint 04,"September 14, 2022 20:04","September 14, 2022 20:16",0,"Made to prevent errors. Every 3 minutes, check if there are null clients in the list.",720,0,720,"September 8, 2022 8:04 PM",14/09/2022,14/09/2022,,,,,,
Extract to a JSON the router structure in App component,High,Refactor ğŸ› ï¸,Complete,Sprint 03,"September 8, 2022 16:11","September 8, 2022 16:54",0,"Make an array of objects that have: path, type (public, private or admin), component. If public, add restricted or not",2580,0,2580,"September 8, 2022 4:10 PM",08/09/2022,08/09/2022,,,,,,
Add style to have chats structured in a grid in Home view,High,"Improvement ğŸš€, Task ğŸ”¨",Complete,Sprint 03,"September 7, 2022 21:12","September 8, 2022 2:10",1.5,,17880,5400,12480,"September 7, 2022 9:11 PM",07/09/2022,08/09/2022,,,,,,
Administrators and teachers must have access to invitation code of a chat,High,Improvement ğŸš€,Complete,Sprint 04,"September 12, 2022 23:00","September 13, 2022 1:00",0,When clicking the chat name or show next to it,7200,0,7200,"September 7, 2022 7:37 PM",12/09/2022,13/09/2022,,,,,,
Remove express and file to serve frontend (since Vercel does not need it),Very high,Refactor ğŸ› ï¸,Complete,Sprint 03,"September 8, 2022 17:06","September 8, 2022 17:10",0,Vercel uses package.json file,240,0,240,"September 7, 2022 3:00 AM",08/09/2022,08/09/2022,,,,,,
Configure email sender to be able to send emails when users are registered or password are reset,Very high,"Improvement ğŸš€, Task ğŸ”¨",Complete,Sprint 03,"September 9, 2022 0:05","September 9, 2022 1:11",0.5,,3960,1800,2160,"September 7, 2022 12:13 AM",09/09/2022,09/09/2022,,,,,,
Make a Feature readme file,Very high,Documentation ğŸ“˜,Complete,Sprint 03,"September 6, 2022 20:00","September 7, 2022 0:13",2,,15180,7200,7980,"September 7, 2022 12:12 AM",06/09/2022,07/09/2022,,,,,,
"Implement Forgot password functionality and improve reset password. When the user wants to change the password in the profile, send a forgotPassword request with the email, then redirect to create password, since it will be correct",High,"Improvement ğŸš€, Task ğŸ”¨",Complete,Sprint 03,"September 9, 2022 20:35","September 10, 2022 3:06",2.2,"Create a new column in usersâ€™ table (Or a composite value (so a new table is created) with password, reset password and a code to generate when it resets or forgets). The last option implies heavier refactoring (finally first option is implemented). See Forgot password functionality (https://www.notion.so/Forgot-password-functionality-94c4623ff12e4c0d8f9b2f675e24d9f3?pvs=21) ",23460,7920,15540,"September 6, 2022 7:55 PM",09/09/2022,10/09/2022,,,,,,
"If user checks the â€œRemember meâ€ checkbox, extend the expiration time of the access token to 2 weeks or more",High,Improvement ğŸš€,Complete,Sprint 03,"September 9, 2022 20:05","September 9, 2022 20:27",0,,1320,0,1320,"September 6, 2022 6:17 PM",09/09/2022,09/09/2022,,,,,,
"Be able to handle several files at once, to keep the order in which they were sent",Medium,Improvement ğŸš€,Complete,Sprint 03,"September 6, 2022 1:45","September 6, 2022 3:00",0,,4500,0,4500,"September 6, 2022 2:11 AM",06/09/2022,06/09/2022,,,,,,
Disable send button if no text or image is going to be sent,Low,"Improvement ğŸš€, Task ğŸ”¨",Complete,Sprint 03,"September 6, 2022 1:00","September 6, 2022 1:50",0,,3000,0,3000,"September 6, 2022 1:50 AM",06/09/2022,06/09/2022,,,,,,
Show how many images are attached to the message,Low,"Improvement ğŸš€, Task ğŸ”¨",Complete,Sprint 03,"September 6, 2022 1:20","September 6, 2022 1:40",0,"They must be confirmed in the dialog.
If the dialog is closed without clicking on the â€œAttachâ€ button, the files will remain selected but the user cannot send the message. After sending a message, if images were selected but not attached, they are removed from the selection.",1200,0,1200,"September 6, 2022 1:48 AM",06/09/2022,06/09/2022,,,,,,
Migrate applications from Heroku to Vercel,High,Task ğŸ”¨,Complete,Sprint 03,"September 5, 2022 23:00","September 5, 2022 23:15",0,Only frontend was moved. Heroku will not have free plans after 28th November 2022. Contact Vercel if they have student plans,900,0,900,"September 2, 2022 8:12 PM",05/09/2022,05/09/2022,,,,,,
Add support for having database in localhost,High,Task ğŸ”¨,Complete,Sprint 03,"September 2, 2022 18:45","September 2, 2022 18:56",0,,660,0,660,"September 2, 2022 6:53 PM",02/09/2022,02/09/2022,,,,,,
Send a ping message from frontend to keep the connection alive,Critical ğŸ”¥,Task ğŸ”¨,Complete,Sprint 03,"September 4, 2022 23:00","September 4, 2022 23:27",0,,1620,0,1620,"September 2, 2022 1:47 PM",04/09/2022,04/09/2022,,,,,,
Idle connection of WebSockets,Critical ğŸ”¥,Bug ğŸ,Complete,Sprint 03,"September 7, 2022 14:22","September 7, 2022 17:00",1,Needs to be tested. Solved by adding an interval,9480,3600,5880,"August 29, 2022 12:09 AM",07/09/2022,07/09/2022,,,,,,
Fix url when receiving response from server,Critical ğŸ”¥,Bug ğŸ,Complete,Sprint 03,"August 28, 2022 23:19","August 29, 2022 0:40",0,,4860,0,4860,"August 28, 2022 11:19 PM",28/08/2022,29/08/2022,,,,,,
Add functionality for adding more media files,Very high,Task ğŸ”¨,Complete,Sprint 03,"August 28, 2022 23:15","September 2, 2022 17:34",-1,Another Strategy pattern in FileController,411540,0,411540,"August 28, 2022 9:01 PM",28/08/2022,02/09/2022,,,,,,
Migrate maxWidth determination to backend,Low,Refactor ğŸ› ï¸,Complete,Sprint 03,"August 28, 2022 20:43","August 28, 2022 20:55",0,,720,0,720,"August 28, 2022 8:40 PM",28/08/2022,28/08/2022,,,,,,
Group multiple images/videos in one message,Low,"Improvement ğŸš€, Task ğŸ”¨",Not Started,,,,,New message type constant and component,,0,0,"August 28, 2022 1:05 PM",,,,,,,,
Zoom on scroll (in images),Medium,"Improvement ğŸš€, Research â›°ï¸",Not Started,,,,,,,0,0,"August 28, 2022 1:29 AM",,,,,,,,
Send the media files with http requests to the server instead of encoding and sending through the WebSocket,Very high,"Improvement ğŸš€, Refactor ğŸ› ï¸",Complete,Sprint 03,"August 27, 2022 14:30","August 27, 2022 23:45",1.5,"Improvement for https://www.notion.so/Add-support-to-encode-in-base64-files-to-be-able-to-send-to-the-server-as-normal-WebSocket-message-546530de3be44c8fb35446656946971e?pvs=21 task, since through WebSockets the data transmission is limited to few kB.",33300,5400,27900,"August 27, 2022 2:32 PM",27/08/2022,27/08/2022,,,,,,
Add a small dropdown to select the type of file the user is going to send,High,Improvement ğŸš€,Not Started,,,,,,,0,0,"August 26, 2022 11:27 PM",,,,,,,,
Add support to encode (in base64) files to be able to send to the server as normal WebSocket messages,High,Task ğŸ”¨,Complete,Sprint 03,"August 26, 2022 22:50","August 26, 2022 23:20",0,"They are sent as HTTP requests, not through WebSocket, since there is a data size limit. See Upload images from frontend with drag â€™nâ€™ drop and encode into base64 (https://www.notion.so/Upload-images-from-frontend-with-drag-n-drop-and-encode-into-base64-c909e17c0d3b44069d511f5dcd53aea8?pvs=21) ",1800,0,1800,"August 26, 2022 11:24 PM",26/08/2022,26/08/2022,,,,,,
Add drag â€˜nâ€™ drop to select files to send to the chat,High,Task ğŸ”¨,Complete,Sprint 03,"August 26, 2022 20:50","August 27, 2022 15:00",12,,65400,43200,22200,"August 26, 2022 11:20 PM",26/08/2022,27/08/2022,,,,,,
Add the README.md,Low,Documentation ğŸ“˜,Complete,Sprint 03,"August 26, 2022 19:05","August 26, 2022 21:00",0.2,Added file to frontend and backend,6900,720,6180,"August 26, 2022 7:14 PM",26/08/2022,26/08/2022,,,,,,
"Chat statistics - Per user, number of messages, words writtenâ€¦",Very low,"Idea ğŸ§ , Improvement ğŸš€",Not Started,,,,,,,0,0,"August 26, 2022 1:48 AM",,,,,,,,
Replace disk reads for memory reads when reading chat history,Very low,"Idea ğŸ§ , Improvement ğŸš€",Not Started,,,,,,,0,0,"August 23, 2022 9:20 PM",,,,,,,,
Schedule the upload of the history file to S3 after a period of time,High,Improvement ğŸš€,Reference,Sprint 03,"August 24, 2022 20:30","August 24, 2022 20:50",0,See Upload the file to S3 every 10 minutes (https://www.notion.so/Upload-the-file-to-S3-every-10-minutes-e9a76afa190a45e7ac3916b266926a2c?pvs=21) ,1200,0,1200,"August 23, 2022 9:06 PM",24/08/2022,24/08/2022,,,,,,
Read history from file stored in disk if it is downloaded. To have updated history to new users,Critical ğŸ”¥,"Bug ğŸ, Refactor ğŸ› ï¸",Complete,Sprint 03,"August 23, 2022 18:00","August 24, 2022 1:00",2,"Since it is always downloaded when the first user is connected, if more users connect to the chat, it is only needed to read from the file",25200,7200,18000,"August 23, 2022 8:45 PM",23/08/2022,24/08/2022,,,,,,
Implement pagination of the chat history,Medium,"Improvement ğŸš€, Task ğŸ”¨",Complete,Sprint 08,"January 25, 2023 15:54","January 26, 2023 16:38",,Add a â€œShow moreâ€ button in the top of the chat,89040,0,89040,"August 23, 2022 7:56 PM",25/01/2023,26/01/2023,,,,,,
Do the documentation of the Java code,Very high,Documentation ğŸ“˜,Complete,Sprint 03,"August 24, 2022 22:47","August 26, 2022 0:40",12,,93180,43200,49980,"August 23, 2022 1:14 AM",24/08/2022,26/08/2022,,,,,,
Solve problems of websocket connections in remote,Critical ğŸ”¥,Bug ğŸ,Cancelled,,,,,"There are no problems now (next day). Because the chat was closed and the history file was uploaded, so no errors occur",,0,0,"August 23, 2022 1:10 AM",,,,,,,,
Discover the limit to send data through WS to frontend,High,Refactor ğŸ› ï¸,Cancelled,,,"September 5, 2022 0:29",,,,0,0,"August 23, 2022 12:52 AM",,05/09/2022,,,,,,
Check this lib to support message compression in frontend. Must be implemented in backend since it is written in Java,Very low,"Idea ğŸ§ , Improvement ğŸš€, Refactor ğŸ› ï¸",TempCancel,,,,,,,0,0,"August 23, 2022 12:48 AM",,,,,,,,
See this to send partial data (maybe),Very low,"Idea ğŸ§ , Improvement ğŸš€, Refactor ğŸ› ï¸",TempCancel,,,,,Maybe change by https://www.notion.so/Implement-pagination-of-the-chat-history-60761d135d7c458094f1923f1b592ab8?pvs=21,,0,0,"August 23, 2022 12:43 AM",,,,,,,,
Add a reducer for chat and store the current chat,Medium,Improvement ğŸš€,TempCancel,,,,,Update it before going to the page and take it from the state to show its name in the chat view,,0,0,"August 23, 2022 12:37 AM",,,,,,,,
Order active users by name,Low,Improvement ğŸš€,Complete,Sprint 03,"August 23, 2022 20:25","August 23, 2022 20:34",0,,540,0,540,"August 22, 2022 11:52 PM",23/08/2022,23/08/2022,,,,,,
Use strategy pattern to make MessageHandler more readable,Very high,Refactor ğŸ› ï¸,Complete,Sprint 03,"August 22, 2022 0:16","August 22, 2022 20:47",15,,73860,54000,19860,"August 22, 2022 12:14 AM",22/08/2022,22/08/2022,,,,,,
"Upon connection of the user, receive all the messages of the chat up to a limit of 3 days before",High,Improvement ğŸš€,Complete,Sprint 03,"August 22, 2022 20:49","August 22, 2022 23:48",0.75,New message type. Messages are sent after the listeners are set,10740,2700,8040,"August 21, 2022 11:25 PM",22/08/2022,22/08/2022,,,,,,
Show popup when hovering hour of message to display full date,High,Improvement ğŸš€,Complete,Sprint 03,"August 21, 2022 19:26","August 21, 2022 20:00",0,Also added dateformat lib. See Show popup when hovering hour of message to display full date (https://www.notion.so/Show-popup-when-hovering-hour-of-message-to-display-full-date-3d4c7f0eab454e48926ec30711919d6a?pvs=21) ,2040,0,2040,"August 21, 2022 7:25 PM",21/08/2022,21/08/2022,,,,,,
"When clicking a username in a chat, display a small popup with a button to start a user-user chat or other actions",High,"Improvement ğŸš€, Task ğŸ”¨",Complete,Sprint 05,"October 26, 2022 23:10","October 26, 2022 23:48",0,"Causes errors and the page turns completely white because the following exception occurs Rendered fewer hooks than expected. This may be caused by an accidental early return statement.

Update:
Initial date: 20 August 0:20 â†’ 21 August 23:23

Now no errors",2280,0,2280,"August 20, 2022 12:14 AM",26/10/2022,26/10/2022,,,,,,
Edit diagrams and refactor entity classes (relation classes) and SQL definition to make columns match the table name,Very high,"Bug ğŸ, Refactor ğŸ› ï¸",Complete,Sprint 03,"August 19, 2022 16:41","August 19, 2022 17:18",0,,2220,0,2220,"August 19, 2022 4:41 PM",19/08/2022,19/08/2022,,,,,,
Create invitation links to put in profile and join a chat,Very high,"Improvement ğŸš€, Task ğŸ”¨",Complete,Sprint 03,"September 7, 2022 17:31","September 7, 2022 20:56",1.5,"Add new column in chat table. They are codes, not links (for the moment)",12300,5400,6900,"August 18, 2022 8:20 PM",07/09/2022,07/09/2022,,,,,,
Listen to new messages and check if they are USER_JOINED or USER_LEFT and send a new type of message to get the connected users of the chat in the background,Medium,Improvement ğŸš€,Complete,Sprint 03,"August 19, 2022 22:00","August 20, 2022 0:17",0,Use ACTIVE_USERS_MESSAGE,8220,0,8220,"August 18, 2022 8:14 PM",19/08/2022,20/08/2022,,,,,,
Add a list of connected users to the chat view,Very low,"Idea ğŸ§ , Improvement ğŸš€",Complete,Sprint 03,"August 19, 2022 22:37","August 20, 2022 0:13",0,,5760,0,5760,"August 18, 2022 7:15 PM",19/08/2022,20/08/2022,,,,,,
Improve chat with name and more information about it,High,Task ğŸ”¨,May change,Sprint 03,"August 18, 2022 19:15","August 18, 2022 20:19",0.25,,3840,900,2940,"August 18, 2022 7:14 PM",18/08/2022,18/08/2022,,,,,,
Fix problems adding users to global chat on register,Very high,Bug ğŸ,Complete,Sprint 03,"August 17, 2022 20:32","August 17, 2022 23:20",0.75,IMPORTANT: PK classes are now @Embeddable and they are used in related entity class as a private field with the annotation @EmbeddedId ,10080,2700,7380,"August 17, 2022 8:31 PM",17/08/2022,17/08/2022,,,,,,
"Add a global variable in redux state and a custom hook to get the websocket client only when the variable is true (userLoggedIn), if false, create client and then return. This will work like the color theme.",Medium,"Improvement ğŸš€, Refactor ğŸ› ï¸",Cancelled,,,,,It is implemented with a React Context,,0,0,"August 17, 2022 12:32 PM",,,,,,,,
Change type of chat in DB to longer name,High,Refactor ğŸ› ï¸,Complete,Sprint 03,"August 16, 2022 20:56","August 17, 2022 22:30",1,Also changed metadata column to json type,92040,3600,88440,"August 16, 2022 8:56 PM",16/08/2022,17/08/2022,,,,,,
Make chatReducer to shorten loading of home screen when requesting all available chats for a user,High,"Improvement ğŸš€, Task ğŸ”¨",Complete,Sprint 03,"August 16, 2022 16:55","August 16, 2022 17:36",0,Added the request of all the chats on login and return to client.,2460,0,2460,"August 16, 2022 4:40 PM",16/08/2022,16/08/2022,,,,,,
Remove sessionId of the user both in frontend and backend,Medium,Refactor ğŸ› ï¸,Revision,,,,,Could be kept to support multi-session connections,,0,0,"August 16, 2022 4:39 PM",,,,,,,,
Add a callback to client to execute it when a message is sent correctly,Low,Refactor ğŸ› ï¸,Complete,Sprint 03,"August 16, 2022 17:41","August 16, 2022 17:58",0,,1020,0,1020,"August 16, 2022 4:35 PM",16/08/2022,16/08/2022,,,,,,
Show available chats to user in home view,High,Task ğŸ”¨,Complete,Sprint 03,"August 15, 2022 19:33","August 15, 2022 23:05",1.4,See Home page with chat selection (https://www.notion.so/Home-page-with-chat-selection-21ecf1ef88a44884807c4e91b67ac002?pvs=21) ,12720,5040,7680,"August 15, 2022 7:35 PM",15/08/2022,15/08/2022,,,,,,
Try the reconnection of the WebSocket in frontend,Medium,Improvement ğŸš€,Complete,,,,,Reference Send a ping message from frontend to keep the connection alive (https://www.notion.so/Send-a-ping-message-from-frontend-to-keep-the-connection-alive-8d8a3f5705f642b5be84dd33351c6036?pvs=21),,0,0,"August 15, 2022 4:57 PM",,,,,,,,
"How to escape SQL reserved keywords with Spring boot, JPA and Hibernate - Java JEE tutorials by Tarik Chrouki",High,Bug ğŸ,Complete,Sprint 03,"August 14, 2022 17:40","August 14, 2022 17:45",0,,300,0,300,"August 14, 2022 5:50 PM",14/08/2022,14/08/2022,,,,,,https://www.chrouki.com/posts/escape-sql-reserved-keywords-jpa-hibernate/
Divide each DropDown into new component and include them in Administration view,Medium,Refactor ğŸ› ï¸,Complete,Sprint 03,"August 18, 2022 20:22","August 19, 2022 0:15",1.5,"Made in 2 phases (Extraction, Refactoring). Also extracted Dialogs to new components",13980,5400,8580,"August 13, 2022 11:00 PM",18/08/2022,19/08/2022,,,,,,
Add groups to all diagrams,Critical ğŸ”¥,Task ğŸ”¨,Complete,Sprint 03,"August 13, 2022 0:45","August 13, 2022 14:05",12,,48000,43200,4800,"August 13, 2022 12:59 AM",13/08/2022,13/08/2022,,,,,,
Decide structure of the chat URLs,Very high,Task ğŸ”¨,May change,Sprint 03,"August 13, 2022 0:30","August 13, 2022 1:00",0,,1800,0,1800,"August 13, 2022 12:39 AM",13/08/2022,13/08/2022,,,,,,
"When entering a chat, send a http request to check if the user has access to that chat",Very high,Task ğŸ”¨,Complete,Sprint 03,"September 8, 2022 17:23","September 8, 2022 19:59",0.5,This is done to prevent users to join a chat that is not available to them (modify the URL by hand). See also Restrict the connection to chats. Users can only connect to available ones (https://www.notion.so/Restrict-the-connection-to-chats-Users-can-only-connect-to-available-ones-84c5c82861bf476a961e7008d52b396a?pvs=21) ,9360,1800,7560,"August 13, 2022 12:25 AM",08/09/2022,08/09/2022,,,,,,
Decide chat type names,High,Refactor ğŸ› ï¸,Revision,Sprint 03,"August 13, 2022 0:11","August 13, 2022 0:30",0,,1140,0,1140,"August 13, 2022 12:10 AM",13/08/2022,13/08/2022,,,,,,
"If several messages are received from the same sender, do not render the username",Very low,"Idea ğŸ§ , Task ğŸ”¨",Not Started,,,,,,,0,0,"August 12, 2022 3:46 PM",,,,,,,,
Add support to compute the color hash that a user has.,Very low,"Idea ğŸ§ , Improvement ğŸš€",Not Started,,,,,,,0,0,"August 9, 2022 11:50 PM",,,,,,,,
Domain diagram,High,Documentation ğŸ“˜,Revision,Sprint 02,"August 9, 2022 22:10","August 9, 2022 22:30",0,13-08-22 > It has changes (add groups),1200,0,1200,"August 9, 2022 10:02 PM",09/08/2022,09/08/2022,,,,,,
Use case diagram,High,Documentation ğŸ“˜,Revision,Sprint 02,"August 9, 2022 23:15","August 11, 2022 22:58",18,,171780,64800,106980,"August 9, 2022 9:52 PM",09/08/2022,11/08/2022,,,,,,
Classes diagram,High,Documentation ğŸ“˜,Not Started,,,,,,,0,0,"August 9, 2022 9:52 PM",,,,,,,,
Interaction diagram,High,Documentation ğŸ“˜,Not Started,,,,,,,0,0,"August 9, 2022 9:52 PM",,,,,,,,
Packages diagram,High,Documentation ğŸ“˜,Not Started,,,,,,,0,0,"August 9, 2022 9:52 PM",,,,,,,,
Send a confirmation email to new registered users,Medium,"Security ğŸ”’, Task ğŸ”¨",Not Started,,,,,,,0,0,"August 9, 2022 5:56 PM",,,,,,,,
"Spinner on login or register, to know that the request has been sent",Medium,Improvement ğŸš€,Complete,Sprint 02,"August 11, 2022 23:00","August 11, 2022 23:40",0,,2400,0,2400,"August 9, 2022 5:46 PM",11/08/2022,11/08/2022,,,,,,
Check that all routes have the correct http method and permissions,High,Task ğŸ”¨,Complete,Sprint 02,"August 7, 2022 16:53","August 7, 2022 17:32",0,,2340,0,2340,"August 7, 2022 4:48 PM",07/08/2022,07/08/2022,,,,,,
Update old methods that used ResponseEntity<?> to use the new HttpResponse class,Low,"Improvement ğŸš€, Refactor ğŸ› ï¸",Complete,Sprint 02,"August 6, 2022 23:29","August 6, 2022 23:42",0,,780,0,780,"August 6, 2022 5:31 PM",06/08/2022,06/08/2022,,,,,,
Implement Degree controller and associated Service in backend,High,Task ğŸ”¨,Revision,Sprint 02,"August 6, 2022 16:45","August 6, 2022 20:48",0.3,,14580,1080,13500,"August 6, 2022 5:20 PM",06/08/2022,06/08/2022,,,,,,
Add the service files to the frontend,Medium,Task ğŸ”¨,Ignore,,,,,,,0,0,"August 6, 2022 2:26 PM",,,,,,,,
"Make separate classes for Route constants (GET, POST, â€¦)",Low,Refactor ğŸ› ï¸,Complete,Sprint 02,"August 6, 2022 14:26","August 6, 2022 16:14",1.5,,6480,5400,1080,"August 6, 2022 2:25 PM",06/08/2022,06/08/2022,,,,,,
Make administrator view in frontend,Medium,"Improvement ğŸš€, Task ğŸ”¨",Complete,Sprint 02,"August 6, 2022 12:30","September 13, 2022 13:42",-1,Implementation of services,3287520,0,3287520,"August 6, 2022 11:48 AM",06/08/2022,13/09/2022,,,,,,
Create updated entities in JPA,High,Task ğŸ”¨,Complete,Sprint 02,"August 5, 2022 22:15","August 6, 2022 23:26",12,"Check if the entities can contain only the reference object, not the id and the object (see Session last 2 attributes).
Update: entities only have the id (if an object of other entity is required)",90660,43200,47460,"August 5, 2022 11:52 PM",05/08/2022,06/08/2022,,,,,,
Check migration guide java-jwt to version 4,Low,Security ğŸ”’,Complete,Sprint 03,"August 12, 2022 20:43","August 12, 2022 23:56",2.5,,11580,9000,2580,"August 5, 2022 8:57 PM",12/08/2022,12/08/2022,,,,,,
Move ChatMap functionality to Chat class,Low,"Refactor ğŸ› ï¸, Task ğŸ”¨",Not Started,,,,,,,0,0,"August 5, 2022 8:40 PM",,,,,,,,
Restrict the connection to chats. Users can only connect to available ones,Critical ğŸ”¥,"Refactor ğŸ› ï¸, Task ğŸ”¨",Complete,Sprint 03,"September 8, 2022 17:23","September 8, 2022 19:59",0.5,"See also When entering a chat, send a http request to check if the user has access to that chat (https://www.notion.so/When-entering-a-chat-send-a-http-request-to-check-if-the-user-has-access-to-that-chat-73bb78c5b4594cd494c5254b398df53c?pvs=21) ",9360,1800,7560,"August 5, 2022 12:50 AM",08/09/2022,08/09/2022,,,,,,
New messages when user joins and leaves a chat,High,"Refactor ğŸ› ï¸, Task ğŸ”¨",Cancelled,Sprint 02,"August 3, 2022 20:15","August 4, 2022 22:30",,Decided to rollback to the working implementation (create a socket per chat connection),94500,0,94500,"August 3, 2022 8:35 PM",03/08/2022,04/08/2022,,,,,,
Use a context in private routes to encapsulate a single WebSocket for all the session,High,"Improvement ğŸš€, Task ğŸ”¨",Cancelled,,,"August 4, 2022 22:30",,,,0,0,"August 3, 2022 6:49 PM",,04/08/2022,,,,,,
Upload images from frontend with drag â€™nâ€™ drop and encode into base64,High,Task ğŸ”¨,Reference,,,,,,,0,0,"August 3, 2022 12:20 AM",,,,,,,,
Add random generated string at the end of media files,Medium,"Improvement ğŸš€, Task ğŸ”¨",Not Started,,,,,,,0,0,"August 1, 2022 11:54 PM",,,,,,,,
"Add support for all types of files (text, images, videos, audios)",Medium,Task ğŸ”¨,Complete,Sprint 02,"August 1, 2022 23:18","August 3, 2022 0:05",18,"Added a builder for comfort, generalized filetype query to S3",89220,64800,24420,"August 1, 2022 11:18 PM",01/08/2022,03/08/2022,,,,,,
Get all files that a user has sent over the time,Very low,Idea ğŸ§ ,Not Started,,,,,,,0,0,"August 1, 2022 11:01 PM",,,,,,,,
Achievementsâ€™ system,Very low,"Idea ğŸ§ , Improvement ğŸš€",Not Started,,,,,,,0,0,"August 1, 2022 4:14 PM",,,,,,,,
"When uploading file (finished chat) delete from disk. If chat is reopened, download file and keep writting",Medium,"Improvement ğŸš€, Task ğŸ”¨",Complete,Sprint 02,"July 31, 2022 20:06","August 1, 2022 23:05",20,Key to check for existence was invalid (.txt was not added to the search which returned false),97140,72000,25140,"July 31, 2022 8:05 PM",31/07/2022,01/08/2022,,,,,,
Update docs,Very high,Documentation ğŸ“˜,Complete,Sprint 02,"August 5, 2022 19:50","August 7, 2022 17:52",,,165720,0,165720,"July 31, 2022 6:05 PM",05/08/2022,07/08/2022,,,,,,
Add a Writer to support message storage in S3. Upload files,High,"Improvement ğŸš€, Task ğŸ”¨",Complete,Sprint 02,"July 31, 2022 19:55","July 31, 2022 20:05",0,,600,0,600,"July 31, 2022 5:26 PM",31/07/2022,31/07/2022,,,,,,
Check token on connect to websocket,Medium,"Improvement ğŸš€, Security ğŸ”’, Task ğŸ”¨",Revision,Sprint 02,"August 5, 2022 20:30","August 15, 2022 17:04",-1,,851640,0,851640,"July 31, 2022 5:23 PM",05/08/2022,15/08/2022,,,,,,
Better handling of chats with a new class,Low,Refactor ğŸ› ï¸,Complete,Sprint 02,"July 31, 2022 15:45","July 31, 2022 17:22",0,,5820,0,5820,"July 31, 2022 5:21 PM",31/07/2022,31/07/2022,,,,,,
Migrate backend to spring websocket support with custom Handlers,High,"Refactor ğŸ› ï¸, Task ğŸ”¨",Complete,Sprint 02,"July 30, 2022 18:42","July 31, 2022 15:00",10,Client is receiving 403 code from the server,73080,36000,37080,"July 30, 2022 6:42 PM",30/07/2022,31/07/2022,,,,,,
Migrate from Java-WebSocket lib to Jetty websockets in backend,High,"Refactor ğŸ› ï¸, Task ğŸ”¨",Complete,Sprint 02,"July 29, 2022 21:03","July 30, 2022 15:59",14,Tested with an auxiliary file in frontend,68160,50400,17760,"July 29, 2022 9:02 PM",29/07/2022,30/07/2022,,,,,,
Migrate from native WebSocket to websocket library in frontend,High,"Refactor ğŸ› ï¸, Task ğŸ”¨",Cancelled,Sprint 02,"July 30, 2022 16:05","July 30, 2022 17:31",,I can use the native WebSocket. 1.5 hours lost ğŸ˜¢,5160,0,5160,"July 29, 2022 9:01 PM",30/07/2022,30/07/2022,,,,,,
Migrate from native WebSocket to SockJS and ,Medium,Refactor ğŸ› ï¸,Cancelled,,,"July 30, 2022 23:00",,See https://www.notion.so/Migrate-from-Java-WebSocket-lib-to-Jetty-websockets-in-backend-2741493312a847c8a769338bb49b9b63?pvs=21. Tested but it did not work.,,0,0,"July 29, 2022 1:10 AM",,30/07/2022,,,,,,
Provide more style to message components,High,"Improvement ğŸš€, Task ğŸ”¨",Complete,Sprint 02,"July 28, 2022 17:05","July 28, 2022 20:33",0.8,Can be updated anytime,12480,2880,9600,"July 28, 2022 7:52 PM",28/07/2022,28/07/2022,,,,,,
"If up arrow key is pressed, visit the message history",Very low,"Idea ğŸ§ , Improvement ğŸš€",Not Started,,,,,,,0,0,"July 27, 2022 10:27 PM",,,,,,,,
Show incoming messages in ChatBox,High,Task ğŸ”¨,Complete,Sprint 02,"July 27, 2022 20:30","July 28, 2022 16:55",14,"1 - Only shows the last message received
2 - I lasted 6 minutes the following day after watching how to use prevState in setter",73500,50400,23100,"July 27, 2022 8:30 PM",27/07/2022,28/07/2022,,,,,,
Make a record class to identify the WS user in backend,High,"Refactor ğŸ› ï¸, Task ğŸ”¨",Complete,Sprint 02,"July 27, 2022 17:57","July 27, 2022 18:42",0,,2700,0,2700,"July 27, 2022 6:15 PM",27/07/2022,27/07/2022,,,,,,
Receive message in component,High,"Refactor ğŸ› ï¸, Task ğŸ”¨",Complete,Sprint 02,"July 27, 2022 0:48","July 27, 2022 2:07",0,,4740,0,4740,"July 27, 2022 2:06 AM",27/07/2022,27/07/2022,,,,,,
Improve storage of clients in backend,High,Task ğŸ”¨,Complete,Sprint 02,"July 26, 2022 22:52","July 27, 2022 0:32",0.6,WSClientID record was created,6000,2160,3840,"July 26, 2022 10:51 PM",26/07/2022,27/07/2022,,,,,,
Improve message handling between front and back,High,"Refactor ğŸ› ï¸, Task ğŸ”¨",Complete,Sprint 02,"July 26, 2022 18:20","July 26, 2022 21:28",0.6,,11280,2160,9120,"July 26, 2022 9:19 PM",26/07/2022,26/07/2022,,,,,,
Clear the sensitive headers to send the received message to other clients in backend,Critical ğŸ”¥,"Refactor ğŸ› ï¸, Task ğŸ”¨",Complete,Sprint 02,"July 26, 2022 18:22","July 26, 2022 18:38",0,,960,0,960,"July 26, 2022 6:19 PM",26/07/2022,26/07/2022,,,,,,
Limit rate at which users can send messages to 6 per second,Very low,"Idea ğŸ§ , Improvement ğŸš€, Task ğŸ”¨",Not Started,,,,,,,0,0,"July 26, 2022 6:08 PM",,,,,,,,
Return an existing session to the user that logs in with other host,Very low,"Idea ğŸ§ , Improvement ğŸš€, Task ğŸ”¨",Not Started,,,,,,,0,0,"July 26, 2022 6:05 PM",,,,,,,,
Add the sessionId when sending the response to the client,High,"Refactor ğŸ› ï¸, Task ğŸ”¨",Complete,Sprint 02,"July 26, 2022 16:37","July 26, 2022 17:30",0.25,Previously it was sent the date of sign in,3180,900,2280,"July 26, 2022 4:37 PM",26/07/2022,26/07/2022,,,,,,
"Make a deploy test in Heroku, to verify the functionality of the sockets",High,Research â›°ï¸,Complete,Sprint 02,"July 28, 2022 17:42","August 5, 2022 0:45",-1,"Working with S3 correctly, remains connecting to available chats, not the one you want",630180,0,630180,"July 26, 2022 12:51 PM",28/07/2022,05/08/2022,,,,,,
Receive messages in frontend from other clients and log to console,High,Task ğŸ”¨,Complete,Sprint 02,"July 26, 2022 0:30","July 26, 2022 1:28",0,"Received and printed in class, not component",3480,0,3480,"July 26, 2022 12:29 AM",26/07/2022,26/07/2022,,,,,,
Configure frontend to send messages. Create class and Hook,High,Task ğŸ”¨,Complete,Sprint 02,"July 25, 2022 19:34","July 26, 2022 0:34",1.7,,18000,6120,11880,"July 25, 2022 7:34 PM",25/07/2022,26/07/2022,,,,,,
Logout check,Low,,Not Started,,,,,,,0,0,"July 25, 2022 10:32 AM",,,,,,,,
Messages could be fragmented. Add an attribute in the JSON,Very low,Idea ğŸ§ ,Cancelled,,,,,,,0,0,"July 25, 2022 3:18 AM",,,,,,,,
File writing from several threads (maybe use synchronized),Low,,Cancelled,,,,,,,0,0,"July 24, 2022 1:29 AM",,,,,,,,
Create WebSocket server,High,Task ğŸ”¨,Complete,Sprint 02,"July 23, 2022 20:15","July 24, 2022 1:12",1.5,,17820,5400,12420,"July 23, 2022 8:22 PM",23/07/2022,24/07/2022,,,,,,
"When sending an empty message, write nothing in the response",Critical ğŸ”¥,"Refactor ğŸ› ï¸, Task ğŸ”¨",Complete,Sprint 02,"July 23, 2022 17:40","July 23, 2022 17:47",0,,420,0,420,"July 23, 2022 5:41 PM",23/07/2022,23/07/2022,,,,,,
Send messages to other members of the chat,Critical ğŸ”¥,Task ğŸ”¨,Complete,Sprint 02,"July 24, 2022 14:48","July 26, 2022 1:28",14,,124800,50400,74400,"July 21, 2022 10:27 PM",24/07/2022,26/07/2022,,,,,,
Update security of the routes. Make a separate class or something,Low,"Refactor ğŸ› ï¸, Task ğŸ”¨",Complete,Sprint 02,"July 21, 2022 20:00","July 21, 2022 20:57",0,,3420,0,3420,"July 21, 2022 8:11 PM",21/07/2022,21/07/2022,,,,,,
Move header of message up one component (to ChatMessage.jsx),Medium,Task ğŸ”¨,Complete,Sprint 02,"July 21, 2022 19:27","July 21, 2022 19:47",0,,1200,0,1200,"July 21, 2022 7:29 PM",21/07/2022,21/07/2022,,,,,,
"Check the date in which the message was sent, to write correctly to the file",Critical ğŸ”¥,"Bug ğŸ, Task ğŸ”¨",Complete,Sprint 02,"July 27, 2022 0:26","July 27, 2022 0:29",0,,180,0,180,"July 21, 2022 12:19 AM",27/07/2022,27/07/2022,,,,,,
Add a new table in DB (Chats),Critical ğŸ”¥,Task ğŸ”¨,Complete,Sprint 02,"July 21, 2022 17:20","July 21, 2022 19:06",0.5,,6360,1800,4560,"July 21, 2022 12:06 AM",21/07/2022,21/07/2022,,,,,,
"When hovering the date of the message, show full date (with millisecond precision)",Low,Task ğŸ”¨,Reference,,,,,,,0,0,"July 21, 2022 12:05 AM",,,,,,,,
Show a division of messages per day,Low,Task ğŸ”¨,Not Started,,,,,,,0,0,"July 21, 2022 12:05 AM",,,,,,,,
Font size selector,Low,"Improvement ğŸš€, Task ğŸ”¨",Not Started,,,,,,,0,0,"July 21, 2022 12:04 AM",,,,,,,,
Upload the file to S3 every 10 minutes,Medium,"Improvement ğŸš€, Task ğŸ”¨",Revision,Sprint 03,"August 24, 2022 20:30","August 24, 2022 20:50",0,Do this if a chat has clients for this amount of time,1200,0,1200,"July 21, 2022 12:04 AM",24/08/2022,24/08/2022,,,,,,
Store messages in a file with history,High,Task ğŸ”¨,Complete,Sprint 02,"July 21, 2022 22:00","July 21, 2022 23:30",0.4,,5400,1440,3960,"July 21, 2022 12:03 AM",21/07/2022,21/07/2022,,,,,,
Send messages from front to back,High,Task ğŸ”¨,Complete,Sprint 02,"July 21, 2022 19:55","July 21, 2022 21:18",1,"1 hour interrupted, I was updating the security routes in a separate class.",4980,3600,1380,"July 21, 2022 12:03 AM",21/07/2022,21/07/2022,,,,,,
Read messages in backend,High,Task ğŸ”¨,Complete,Sprint 02,"July 21, 2022 21:20","July 21, 2022 21:30",0,,600,0,600,"July 21, 2022 12:03 AM",21/07/2022,21/07/2022,,,,,,
More style to chat and messages,Medium,Task ğŸ”¨,Complete,Sprint 02,"July 20, 2022 17:55","July 20, 2022 23:55",2,Messages are broken in several lines if long,21600,7200,14400,"July 20, 2022 5:53 PM",20/07/2022,20/07/2022,,,,,,
Basic chat page,High,Task ğŸ”¨,Complete,Sprint 02,"July 19, 2022 17:00","July 19, 2022 23:50",1.5,,24600,5400,19200,"July 19, 2022 4:55 PM",19/07/2022,19/07/2022,,,,,,
"Add custom Drop Down, password reset and more info in profile",High,Task ğŸ”¨,Complete,Sprint 02,"July 16, 2022 22:04","July 17, 2022 0:05",0,,7260,0,7260,"July 16, 2022 10:03 PM",16/07/2022,17/07/2022,,,,,,
"Enter the app as anonymous user and after the session is closed, all the data, messages, etc. is deleted",Very low,Idea ğŸ§ ,Cancelled,,,,,,,0,0,"July 5, 2022 9:55 AM",,,,,,,,
Make a Router class to configure HTTP methods and permissions,Low,Task ğŸ”¨,Cancelled,Sprint 01,"June 27, 2022 11:26","June 27, 2022 11:29",0,,180,0,180,"June 27, 2022 11:26 AM",27/06/2022,27/06/2022,,,,,,
Change color themes to fit logo,Low,Improvement ğŸš€,Not Started,,,,,,,0,0,"June 26, 2022 12:02 AM",,,,,,,,
Show all opened sessions of user in profile view,Medium,Task ğŸ”¨,Complete,Sprint 01,"June 26, 2022 0:50","June 26, 2022 1:15",0,,1500,0,1500,"June 25, 2022 11:53 PM",26/06/2022,26/06/2022,,,,,,
"Profile page with user data (session, name, â€¦)",High,Task ğŸ”¨,Complete,Sprint 01,"June 26, 2022 23:30","July 17, 2022 0:04",-1,,1730040,0,1730040,"June 25, 2022 11:50 PM",26/06/2022,17/07/2022,,,,,,
Home page with chat selection,Medium,Task ğŸ”¨,Reference,,,,,,,0,0,"June 25, 2022 11:49 PM",,,,,,,,
Improve request handling in filters. Put data in some attribute in the custom class instead of request.setAttribute(),High,"Refactor ğŸ› ï¸, Task ğŸ”¨",Complete,Sprint 01,"June 25, 2022 15:00","June 25, 2022 15:20",0,,1200,0,1200,"June 25, 2022 3:08 PM",25/06/2022,25/06/2022,,,,,,
Frontend API url change when code is in production or in development env,High,"Bug ğŸ, Refactor ğŸ› ï¸",Complete,Sprint 01,"June 25, 2022 0:30","June 25, 2022 0:50",0,,1200,0,1200,"June 25, 2022 12:54 AM",25/06/2022,25/06/2022,,,,,,
App renaming,High,Refactor ğŸ› ï¸,Complete,Sprint 01,"June 24, 2022 23:54","June 25, 2022 0:15",0,,1260,0,1260,"June 24, 2022 11:54 PM",24/06/2022,25/06/2022,,,,,,
Solve problem with Instant class of the domain models,High,"Bug ğŸ, Refactor ğŸ› ï¸",Complete,Sprint 01,"June 24, 2022 22:45","June 24, 2022 23:15",0.25,ObjectMapper must have JavaTimeModule registered,1800,900,900,"June 24, 2022 10:10 PM",24/06/2022,24/06/2022,,,,,,
Refactor Responses with the new class,Medium,"Refactor ğŸ› ï¸, Task ğŸ”¨",Complete,Sprint 01,"June 24, 2022 22:00","June 24, 2022 22:33",0,,1980,0,1980,"June 24, 2022 7:07 PM",24/06/2022,24/06/2022,,,,,,
Improve custom HttpRequest functionality,High,Task ğŸ”¨,Complete,Sprint 01,"June 24, 2022 0:05","June 24, 2022 1:04",0,Little modification was done,3540,0,3540,"June 24, 2022 12:04 AM",24/06/2022,24/06/2022,,,,,,
Improve custom HttpResponse functionality,High,Task ğŸ”¨,Complete,Sprint 01,"June 23, 2022 22:40","June 24, 2022 3:08",0,,16080,0,16080,"June 23, 2022 10:40 PM",23/06/2022,24/06/2022,,,,,,
Migration of frontend to other repo,Critical ğŸ”¥,"Bug ğŸ, Refactor ğŸ› ï¸, Task ğŸ”¨",Complete,Sprint 01,"June 23, 2022 0:37","June 23, 2022 1:35",0,,3480,0,3480,"June 23, 2022 12:42 AM",23/06/2022,23/06/2022,,,,,,
Better configuration of deployment CORS config,Critical ğŸ”¥,Task ğŸ”¨,Complete,Sprint 01,"June 22, 2022 20:30","June 23, 2022 1:35",1.5,,18300,5400,12900,"June 22, 2022 8:32 PM",22/06/2022,23/06/2022,,,,,,
Configure deploy functionality,Critical ğŸ”¥,"Initialization ğŸ‰, Task ğŸ”¨",Complete,Sprint 01,"June 21, 2022 13:00","June 22, 2022 1:46",3,,45960,10800,35160,"June 21, 2022 6:57 PM",21/06/2022,22/06/2022,,,,,,
Backend register functionality,Critical ğŸ”¥,Task ğŸ”¨,Complete,Sprint 01,"June 20, 2022 21:15","June 24, 2022 22:05",26,,348600,93600,255000,"June 20, 2022 9:54 PM",20/06/2022,24/06/2022,,,,,,
Toolbar with theme switcher,Critical ğŸ”¥,Task ğŸ”¨,Complete,Sprint 01,"June 20, 2022 20:55","June 20, 2022 21:03",0,,480,0,480,"June 20, 2022 8:55 PM",20/06/2022,20/06/2022,,,,,,
"Store, Reducers and Actions for Redux",High,Task ğŸ”¨,Complete,Sprint 01,"June 20, 2022 20:41","June 20, 2022 20:50",0,,540,0,540,"June 20, 2022 8:41 PM",20/06/2022,20/06/2022,,,,,,
Theme switcher and color palette,Low,Task ğŸ”¨,Complete,Sprint 01,"June 20, 2022 20:36","June 20, 2022 21:03",0,,1620,0,1620,"June 20, 2022 8:36 PM",20/06/2022,20/06/2022,,,,,,
Register page and switch between Login and Register,High,Task ğŸ”¨,Complete,Sprint 01,"June 20, 2022 20:26","June 20, 2022 20:45",0,,1140,0,1140,"June 20, 2022 8:25 PM",20/06/2022,20/06/2022,,,,,,
Forgot password functionality,Medium,Task ğŸ”¨,Reference,,,,,,,0,0,"June 20, 2022 8:25 PM",,,,,,,,
Documentation - All diagrams,High,"Documentation ğŸ“˜, Initialization ğŸ‰",Not Started,,,,,,,0,0,"June 17, 2022 3:55 PM",,,,,,,,
Migration from Timestamp to LocalDateTime,Medium,Refactor ğŸ› ï¸,Cancelled,Sprint 01,"June 17, 2022 15:45","June 17, 2022 15:50",0,Made with IntelliJ UI JPA Inspector. Returned to Timestamp because Jackson cannot make correct bindings for that type,300,0,300,"June 17, 2022 3:54 PM",17/06/2022,17/06/2022,,,,,,
Remove Serviceâ€™s interfaces,High,Refactor ğŸ› ï¸,Complete,Sprint 01,"June 17, 2022 14:00","June 17, 2022 14:17",0,,1020,0,1020,"June 17, 2022 2:16 PM",17/06/2022,17/06/2022,,,,,,
Fix CORS security,Critical ğŸ”¥,"Bug ğŸ, Task ğŸ”¨",Complete,Sprint 01,"June 15, 2022 17:50","June 15, 2022 18:56",0,Improved using WebMvcConfigurer in main class with a Bean. This configures CORS globally,3960,0,3960,"June 15, 2022 6:41 PM",15/06/2022,15/06/2022,,,,,,
"When receiving a request, check if the token exists in DB",High,Task ğŸ”¨,Not Started,Sprint 01,"June 16, 2022 18:00",,,,,0,0,"June 15, 2022 2:36 PM",16/06/2022,,,,,,,
Fix login controller does not work after AuthenticationFilter,Critical ğŸ”¥,"Bug ğŸ, Configuration âš™ï¸",Complete,Sprint 01,"June 15, 2022 13:00","June 15, 2022 14:10",0,Problem with the LogoutFilter. Removed,4200,0,4200,"June 15, 2022 2:58 AM",15/06/2022,15/06/2022,,,,,,
Improve Logout functionality with a Filter an then call the controller,High,Task ğŸ”¨,Cancelled,Sprint 01,"June 15, 2022 2:00","June 15, 2022 18:40",7,,60000,25200,34800,"June 15, 2022 2:11 AM",15/06/2022,15/06/2022,,,,,,
Solve problem with user creation by admins,Critical ğŸ”¥,"Bug ğŸ, Task ğŸ”¨",Complete,Sprint 01,"June 15, 2022 0:29","June 15, 2022 1:08",0,Iâ€™m a bit idiot,2340,0,2340,"June 15, 2022 12:29 AM",15/06/2022,15/06/2022,,,,,,
Ability to close all sessions of the user,Medium,Task ğŸ”¨,Not Started,,,,,,,0,0,"June 14, 2022 9:58 PM",,,,,,,,
Update DB to include refreshToken,High,"Configuration âš™ï¸, Task ğŸ”¨",Complete,Sprint 01,"June 14, 2022 21:43","June 14, 2022 21:48",0,,300,0,300,"June 14, 2022 9:43 PM",14/06/2022,14/06/2022,,,,,,
SessionService update when refreshToken is used,Medium,Task ğŸ”¨,Not Started,,,,,,,0,0,"June 14, 2022 9:36 PM",,,,,,,,
"Implement SessionService with capability to save, delete",High,Task ğŸ”¨,Complete,Sprint 01,"June 14, 2022 21:37","June 14, 2022 22:00",0,,1380,0,1380,"June 14, 2022 9:36 PM",14/06/2022,14/06/2022,,,,,,
Improve Filters with annotations,Medium,Refactor ğŸ› ï¸,Cancelled,Sprint 01,"June 15, 2022 0:18","June 15, 2022 0:27",0,,540,0,540,"June 14, 2022 9:34 PM",15/06/2022,15/06/2022,,,,,,
Backend routes with constants,Medium,"Configuration âš™ï¸, Task ğŸ”¨",Complete,Sprint 01,"June 14, 2022 13:16","June 14, 2022 14:12",0,,3360,0,3360,"June 14, 2022 8:43 PM",14/06/2022,14/06/2022,,,,,,
Be able to manage request in controller after passing a Filter,Critical ğŸ”¥,Configuration âš™ï¸,Complete,Sprint 01,"June 14, 2022 17:30","June 14, 2022 20:40",1,,11400,3600,7800,"June 14, 2022 8:39 PM",14/06/2022,14/06/2022,,,,,,
Document - Design model,High,"Documentation ğŸ“˜, Initialization ğŸ‰",Complete,Sprint 02,"August 9, 2022 19:50","August 9, 2022 20:15",0,,1500,0,1500,"June 14, 2022 3:01 AM",09/08/2022,09/08/2022,,,,,,
Document - Requirements specification,High,"Documentation ğŸ“˜, Initialization ğŸ‰",Complete,Sprint 01,"June 20, 2022 14:00","June 20, 2022 20:23",2,,22980,7200,15780,"June 14, 2022 2:57 AM",20/06/2022,20/06/2022,,,,,,
Document - Use cases,High,"Documentation ğŸ“˜, Initialization ğŸ‰",Not Started,,,,,,,0,0,"June 14, 2022 2:56 AM",,,,,,,,
Backend login with JWT tokens,High,Task ğŸ”¨,Complete,Sprint 01,"June 13, 2022 19:00","June 14, 2022 2:30",2,,27000,7200,19800,"June 13, 2022 10:02 PM",13/06/2022,14/06/2022,,,,,,
From Cayenne to JPA,High,"Configuration âš™ï¸, Task ğŸ”¨",Complete,Sprint 01,"June 13, 2022 13:53","June 13, 2022 18:00",3,,14820,10800,4020,"June 13, 2022 1:53 PM",13/06/2022,13/06/2022,,,,,,
Configure Spring security with basic requests,Critical ğŸ”¥,"Configuration âš™ï¸, Task ğŸ”¨",Complete,Sprint 01,"June 13, 2022 23:15","June 15, 2022 1:55",9,,96000,32400,63600,"June 13, 2022 1:34 PM",13/06/2022,15/06/2022,,,,,,
Translate Relational diagram to SQL,High,Initialization ğŸ‰,Complete,Sprint 01,"June 12, 2022 23:40","June 13, 2022 0:20",0,,2400,0,2400,"June 12, 2022 2:31 AM",12/06/2022,13/06/2022,,,,,,
Probar el mÃ³dulo de traducciÃ³n en Frontend,Very low,Idea ğŸ§ ,Not Started,,,,,,,0,0,"June 12, 2022 1:52 AM",,,,,,,,
Create Relational diagram,High,"Documentation ğŸ“˜, Initialization ğŸ‰",Complete,Sprint 01,"June 11, 2022 22:18","June 12, 2022 2:30",3,,15120,10800,4320,"June 11, 2022 3:24 PM",11/06/2022,12/06/2022,,,,,,
Create the model classes with Cayenne Modeler,Medium,Initialization ğŸ‰,Cancelled,Sprint 01,"June 13, 2022 0:20","June 13, 2022 0:45",0,Migration to JPA,1500,0,1500,"June 11, 2022 2:15 AM",13/06/2022,13/06/2022,,,,,,
Create ER diagram,High,"Documentation ğŸ“˜, Initialization ğŸ‰",Complete,Sprint 01,"June 11, 2022 13:15","June 11, 2022 22:15",3,,32400,10800,21600,"June 11, 2022 2:14 AM",11/06/2022,11/06/2022,,,,,,
Sistema de menciones,Very low,"Idea ğŸ§ , Research â›°ï¸",Not Started,,,,,,,0,0,"June 10, 2022 4:41 AM",,,,,,,,
How To Build React with Java Backend For Production | by Bhargav Bachina | Bachina Labs | Medium,Very low,"Idea ğŸ§ , Research â›°ï¸",Complete,,,,,,,0,0,"June 10, 2022 3:14 AM",,,,,,,,https://medium.com/bb-tutorials-and-thoughts/how-to-build-react-with-java-backend-for-production-72f8634bb067
How To Develop and Build React App With Java Backend | by Bhargav Bachina | Bachina Labs | Medium,Very low,"Idea ğŸ§ , Research â›°ï¸",Complete,,,,,,,0,0,"June 10, 2022 3:13 AM",,,,,,,,https://medium.com/bb-tutorials-and-thoughts/how-to-develop-and-build-react-app-with-java-backend-c1e6c5c93ae
